alert_id,assessment_id,asset_id,timestamp,severity,alert_category,source,acknowledged,acknowledgement_time,case_id
ALT-0001,A-001,AST-001,2026-02-05 07:14:00,Low,Endpoint Security,IAM,True,2026-02-05 07:45:00,CASE-0001
ALT-0002,A-001,AST-001,2026-01-05 00:05:00,Medium,Data Access,SIEM,True,2026-01-05 02:19:00,CASE-0002
ALT-0003,A-001,AST-001,2026-03-31 17:26:00,High,Malware Detection,SIEM,True,2026-03-31 20:01:00,CASE-0003
ALT-0004,A-001,AST-001,2026-02-13 08:09:00,Medium,Authentication,SIEM,True,2026-02-13 09:40:00,CASE-0004
ALT-0005,A-001,AST-002,2026-02-14 19:16:00,Low,Data Access,SIEM,True,2026-02-14 21:18:00,
ALT-0006,A-001,AST-002,2026-02-07 20:39:00,Low,Data Access,EDR,True,2026-02-07 22:16:00,CASE-0005
ALT-0007,A-001,AST-001,2026-01-30 09:05:00,Low,Privilege Escalation,IDS,True,2026-01-30 09:35:00,
ALT-0008,A-001,AST-002,2026-02-16 05:23:00,Medium,Malware Detection,SIEM,True,2026-02-16 08:19:00,CASE-0006
ALT-0009,A-001,AST-001,2026-02-01 05:29:00,Medium,Endpoint Security,IAM,True,2026-02-01 08:17:00,CASE-0007
ALT-0010,A-001,AST-001,2026-01-08 07:52:00,Medium,Privilege Escalation,IDS,True,2026-01-08 09:17:00,CASE-0008
ALT-0011,A-001,AST-001,2026-03-14 22:20:00,Low,Privilege Escalation,Firewall,True,2026-03-15 00:32:00,
ALT-0012,A-001,AST-001,2026-02-01 23:35:00,Low,Privilege Escalation,IAM,True,2026-02-02 02:09:00,
ALT-0013,A-001,AST-002,2026-01-18 16:31:00,Low,Authentication,EDR,True,2026-01-18 16:48:00,CASE-0009
ALT-0014,A-001,AST-001,2026-02-24 19:04:00,High,Privilege Escalation,IAM,True,2026-02-24 21:41:00,CASE-0010
ALT-0015,A-001,AST-002,2026-01-02 21:46:00,Critical,Malware Detection,IDS,True,2026-01-03 00:08:00,
ALT-0016,A-001,AST-001,2026-01-21 14:00:00,Low,Endpoint Security,IDS,False,,CASE-0011
ALT-0017,A-001,AST-001,2026-01-14 20:19:00,Medium,Data Access,EDR,True,2026-01-14 22:33:00,CASE-0012
ALT-0018,A-001,AST-001,2026-01-21 17:49:00,Low,Data Access,IDS,True,2026-01-21 17:54:00,
ALT-0019,A-001,AST-002,2026-02-16 09:15:00,Low,Authentication,SIEM,True,2026-02-16 11:45:00,CASE-0013
ALT-0020,A-001,AST-002,2026-03-10 04:08:00,High,Network Anomaly,IDS,True,2026-03-10 06:33:00,
ALT-0021,A-001,AST-002,2026-03-11 23:44:00,Critical,Privilege Escalation,IDS,True,2026-03-12 01:08:00,
ALT-0022,A-001,AST-002,2026-02-27 03:15:00,High,Authentication,IAM,True,2026-02-27 04:46:00,CASE-0014
ALT-0023,A-001,AST-001,2026-01-01 02:45:00,Medium,Authentication,SIEM,True,2026-01-01 03:48:00,CASE-0015
ALT-0024,A-001,AST-002,2026-01-31 08:42:00,Low,Network Anomaly,IAM,True,2026-01-31 11:05:00,CASE-0016
ALT-0025,A-001,AST-002,2026-03-02 13:12:00,Low,Privilege Escalation,IDS,True,2026-03-02 16:05:00,CASE-0017
ALT-0026,A-001,AST-002,2026-01-07 21:41:00,Medium,Authentication,SIEM,False,,CASE-0018
ALT-0027,A-001,AST-002,2026-01-14 07:12:00,High,Network Anomaly,Firewall,True,2026-01-14 09:11:00,CASE-0019
ALT-0028,A-001,AST-001,2026-02-01 02:28:00,Low,Authentication,SIEM,True,2026-02-01 04:53:00,CASE-0007
ALT-0029,A-001,AST-001,2026-01-31 05:26:00,Critical,Privilege Escalation,SIEM,True,2026-01-31 06:25:00,CASE-0020
ALT-0030,A-001,AST-001,2026-02-19 08:59:00,Low,Malware Detection,Firewall,True,2026-02-19 11:00:00,CASE-0021
ALT-0031,A-001,AST-002,2026-02-07 06:03:00,Low,Authentication,IDS,True,2026-02-07 08:26:00,CASE-0005
ALT-0032,A-001,AST-001,2026-03-03 16:58:00,Low,Authentication,IAM,True,2026-03-03 17:43:00,
ALT-0033,A-001,AST-001,2026-01-09 19:04:00,High,Privilege Escalation,SIEM,True,2026-01-09 20:09:00,CASE-0022
ALT-0034,A-001,AST-001,2026-01-06 19:05:00,Medium,Data Access,IAM,True,2026-01-06 21:39:00,CASE-0023
ALT-0035,A-001,AST-002,2026-01-27 21:45:00,Critical,Privilege Escalation,EDR,True,2026-01-27 22:57:00,CASE-0024
ALT-0036,A-001,AST-002,2026-01-10 00:29:00,Medium,Authentication,SIEM,True,2026-01-10 02:58:00,CASE-0025
ALT-0037,A-001,AST-001,2026-01-17 11:56:00,Medium,Malware Detection,IDS,True,2026-01-17 13:03:00,
ALT-0038,A-001,AST-001,2026-03-11 22:19:00,Medium,Data Access,SIEM,True,2026-03-12 01:11:00,CASE-0026
ALT-0039,A-001,AST-002,2026-01-14 04:16:00,Critical,Endpoint Security,IAM,True,2026-01-14 04:48:00,CASE-0027
ALT-0040,A-001,AST-001,2026-03-19 06:45:00,Low,Endpoint Security,IDS,True,2026-03-19 09:45:00,CASE-0028
ALT-0041,A-001,AST-002,2026-01-07 02:40:00,Low,Authentication,SIEM,True,2026-01-07 03:55:00,CASE-0029
ALT-0042,A-001,AST-002,2026-03-23 08:10:00,High,Endpoint Security,Firewall,True,2026-03-23 10:36:00,CASE-0030
ALT-0043,A-001,AST-001,2026-03-30 04:34:00,Low,Data Access,IAM,True,2026-03-30 06:13:00,CASE-0031
ALT-0044,A-001,AST-001,2026-01-06 09:23:00,Medium,Malware Detection,EDR,True,2026-01-06 09:38:00,CASE-0032
ALT-0045,A-001,AST-001,2026-02-15 17:56:00,Medium,Endpoint Security,EDR,True,2026-02-15 20:39:00,
ALT-0046,A-001,AST-001,2026-01-23 13:01:00,High,Privilege Escalation,EDR,True,2026-01-23 14:31:00,
ALT-0047,A-001,AST-002,2026-03-31 03:24:00,Low,Network Anomaly,EDR,True,2026-03-31 05:29:00,
ALT-0048,A-001,AST-002,2026-01-30 07:01:00,Low,Malware Detection,IDS,True,2026-01-30 08:48:00,
ALT-0049,A-001,AST-001,2026-02-05 11:41:00,Critical,Data Access,IDS,True,2026-02-05 14:39:00,CASE-0033
ALT-0050,A-001,AST-001,2026-02-03 05:37:00,Low,Malware Detection,SIEM,False,,CASE-0034
ALT-0051,A-001,AST-001,2026-02-14 23:50:00,Medium,Data Access,SIEM,True,2026-02-15 02:30:00,
ALT-0052,A-001,AST-002,2026-01-25 08:02:00,High,Data Access,IAM,True,2026-01-25 08:07:00,
ALT-0053,A-001,AST-001,2026-01-09 21:58:00,Low,Endpoint Security,SIEM,True,2026-01-09 23:23:00,
ALT-0054,A-001,AST-002,2026-03-27 13:20:00,Medium,Data Access,EDR,True,2026-03-27 14:40:00,CASE-0035
ALT-0055,A-001,AST-001,2026-02-18 21:47:00,Medium,Data Access,IDS,True,2026-02-19 00:29:00,CASE-0036
ALT-0056,A-001,AST-002,2026-01-01 09:18:00,Medium,Data Access,IDS,True,2026-01-01 11:51:00,CASE-0037
ALT-0057,A-001,AST-002,2026-03-28 06:32:00,Medium,Endpoint Security,SIEM,True,2026-03-28 07:20:00,
ALT-0058,A-001,AST-002,2026-03-23 19:21:00,Medium,Endpoint Security,IDS,True,2026-03-23 20:26:00,
ALT-0059,A-001,AST-001,2026-01-19 00:02:00,High,Data Access,SIEM,True,2026-01-19 02:08:00,CASE-0038
ALT-0060,A-001,AST-002,2026-03-22 18:12:00,Medium,Privilege Escalation,Firewall,True,2026-03-22 19:55:00,
ALT-0061,A-001,AST-001,2026-03-30 00:57:00,Low,Privilege Escalation,EDR,True,2026-03-30 01:29:00,CASE-0039
ALT-0062,A-001,AST-001,2026-03-31 16:29:00,High,Authentication,Firewall,True,2026-03-31 17:37:00,
ALT-0063,A-001,AST-001,2026-03-27 16:35:00,High,Data Access,IAM,True,2026-03-27 18:33:00,CASE-0040
ALT-0064,A-001,AST-002,2026-03-12 14:57:00,High,Privilege Escalation,IDS,True,2026-03-12 17:03:00,CASE-0041
ALT-0065,A-001,AST-001,2026-02-05 16:31:00,High,Privilege Escalation,SIEM,True,2026-02-05 17:46:00,
ALT-0066,A-001,AST-002,2026-02-12 10:57:00,Low,Network Anomaly,EDR,True,2026-02-12 11:37:00,CASE-0042
ALT-0067,A-001,AST-002,2026-01-28 02:26:00,Medium,Privilege Escalation,Firewall,True,2026-01-28 04:49:00,
ALT-0068,A-001,AST-001,2026-02-23 12:57:00,Low,Data Access,Firewall,True,2026-02-23 13:07:00,CASE-0043
ALT-0069,A-001,AST-002,2026-02-15 09:48:00,Low,Data Access,IAM,True,2026-02-15 11:40:00,
ALT-0070,A-001,AST-001,2026-02-04 13:31:00,Medium,Endpoint Security,Firewall,True,2026-02-04 15:02:00,CASE-0044
ALT-0071,A-001,AST-001,2026-01-17 19:34:00,High,Data Access,IAM,True,2026-01-17 21:19:00,CASE-0045
ALT-0072,A-001,AST-001,2026-02-24 04:55:00,Low,Malware Detection,Firewall,True,2026-02-24 05:12:00,CASE-0046
ALT-0073,A-001,AST-002,2026-02-11 10:48:00,Low,Privilege Escalation,IDS,True,2026-02-11 12:04:00,CASE-0047
ALT-0074,A-001,AST-001,2026-03-11 01:22:00,Medium,Endpoint Security,SIEM,True,2026-03-11 01:44:00,CASE-0048
ALT-0075,A-001,AST-001,2026-01-26 00:39:00,Critical,Privilege Escalation,SIEM,True,2026-01-26 01:16:00,
ALT-0076,A-001,AST-001,2026-02-02 11:10:00,Medium,Network Anomaly,IDS,True,2026-02-02 11:44:00,CASE-0049
ALT-0077,A-001,AST-001,2026-02-09 18:43:00,Medium,Privilege Escalation,EDR,True,2026-02-09 20:24:00,CASE-0050
ALT-0078,A-001,AST-001,2026-03-22 07:06:00,Medium,Endpoint Security,IAM,True,2026-03-22 08:28:00,CASE-0051
ALT-0079,A-001,AST-001,2026-03-14 01:22:00,High,Malware Detection,SIEM,True,2026-03-14 04:16:00,CASE-0052
ALT-0080,A-001,AST-002,2026-02-23 15:06:00,Low,Endpoint Security,Firewall,True,2026-02-23 16:43:00,CASE-0053
ALT-0081,A-001,AST-001,2026-03-08 20:17:00,Medium,Privilege Escalation,Firewall,True,2026-03-08 22:39:00,CASE-0054
ALT-0082,A-001,AST-002,2026-03-17 08:20:00,High,Malware Detection,Firewall,True,2026-03-17 08:47:00,CASE-0055
ALT-0083,A-001,AST-001,2026-03-14 19:42:00,High,Privilege Escalation,IDS,True,2026-03-14 19:54:00,CASE-0056
ALT-0084,A-001,AST-001,2026-02-15 08:21:00,Medium,Endpoint Security,IDS,True,2026-02-15 10:58:00,CASE-0057
ALT-0085,A-001,AST-001,2026-01-25 02:15:00,Medium,Data Access,EDR,True,2026-01-25 04:25:00,CASE-0058
ALT-0086,A-001,AST-002,2026-03-04 14:50:00,Medium,Network Anomaly,Firewall,True,2026-03-04 16:10:00,CASE-0059
ALT-0087,A-001,AST-001,2026-03-16 11:30:00,Low,Privilege Escalation,IAM,True,2026-03-16 13:03:00,CASE-0060
ALT-0088,A-001,AST-002,2026-02-28 08:19:00,Low,Endpoint Security,EDR,True,2026-02-28 08:54:00,CASE-0061
ALT-0089,A-001,AST-002,2026-03-10 22:11:00,Low,Malware Detection,IAM,True,2026-03-11 00:19:00,
ALT-0090,A-001,AST-002,2026-01-25 09:14:00,Critical,Authentication,IAM,True,2026-01-25 10:36:00,
ALT-0091,A-001,AST-001,2026-01-07 17:18:00,Low,Endpoint Security,Firewall,True,2026-01-07 17:55:00,CASE-0023
ALT-0092,A-001,AST-001,2026-03-15 09:30:00,High,Network Anomaly,SIEM,True,2026-03-15 11:02:00,CASE-0062
ALT-0093,A-001,AST-002,2026-03-03 03:52:00,Critical,Authentication,IAM,True,2026-03-03 06:02:00,CASE-0063
ALT-0094,A-001,AST-001,2026-03-14 09:05:00,Low,Authentication,IAM,False,,CASE-0064
ALT-0095,A-001,AST-002,2026-03-21 07:49:00,Medium,Privilege Escalation,IDS,True,2026-03-21 09:49:00,CASE-0065
ALT-0096,A-001,AST-002,2026-03-21 01:39:00,Low,Authentication,EDR,False,,
ALT-0097,A-001,AST-001,2026-01-11 05:15:00,Low,Network Anomaly,SIEM,True,2026-01-11 05:39:00,
ALT-0098,A-001,AST-002,2026-03-18 15:18:00,Medium,Endpoint Security,IDS,True,2026-03-18 16:36:00,
ALT-0099,A-001,AST-002,2026-01-30 08:50:00,Low,Endpoint Security,EDR,True,2026-01-30 11:25:00,CASE-0066
ALT-0100,A-001,AST-002,2026-01-29 20:09:00,Low,Authentication,SIEM,True,2026-01-29 20:50:00,CASE-0067
ALT-0101,A-002,AST-001,2026-06-12 09:28:00,High,Endpoint Security,Firewall,True,2026-06-12 10:50:00,
ALT-0102,A-002,AST-002,2026-04-11 19:02:00,Medium,Data Access,IDS,True,2026-04-11 20:29:00,CASE-0068
ALT-0103,A-002,AST-001,2026-06-13 18:01:00,Critical,Endpoint Security,IDS,False,,CASE-0069
ALT-0104,A-002,AST-001,2026-06-06 20:28:00,Low,Data Access,Firewall,True,2026-06-06 21:19:00,
ALT-0105,A-002,AST-002,2026-05-23 10:20:00,Medium,Malware Detection,Firewall,True,2026-05-23 11:06:00,CASE-0070
ALT-0106,A-002,AST-002,2026-06-10 01:29:00,Critical,Malware Detection,SIEM,True,2026-06-10 02:38:00,CASE-0071
ALT-0107,A-002,AST-002,2026-04-01 21:55:00,Critical,Authentication,EDR,True,2026-04-01 23:45:00,CASE-0072
ALT-0108,A-002,AST-002,2026-05-27 01:13:00,Medium,Malware Detection,Firewall,True,2026-05-27 01:51:00,CASE-0073
ALT-0109,A-002,AST-002,2026-06-17 07:45:00,Critical,Authentication,IAM,True,2026-06-17 10:11:00,CASE-0074
ALT-0110,A-002,AST-002,2026-04-15 14:07:00,Critical,Privilege Escalation,IDS,True,2026-04-15 14:51:00,
ALT-0111,A-002,AST-002,2026-05-31 07:29:00,Medium,Network Anomaly,IAM,True,2026-05-31 09:12:00,CASE-0075
ALT-0112,A-002,AST-001,2026-05-24 10:59:00,Medium,Authentication,IDS,True,2026-05-24 12:12:00,CASE-0076
ALT-0113,A-002,AST-002,2026-06-24 15:55:00,High,Privilege Escalation,IDS,True,2026-06-24 18:17:00,CASE-0077
ALT-0114,A-002,AST-002,2026-05-29 10:55:00,High,Data Access,Firewall,True,2026-05-29 12:01:00,
ALT-0115,A-002,AST-001,2026-05-11 23:30:00,Medium,Privilege Escalation,EDR,True,2026-05-12 01:12:00,CASE-0078
ALT-0116,A-002,AST-002,2026-06-15 10:55:00,Low,Authentication,IAM,True,2026-06-15 12:52:00,CASE-0079
ALT-0117,A-002,AST-002,2026-06-23 04:04:00,Low,Malware Detection,IAM,True,2026-06-23 05:16:00,CASE-0080
ALT-0118,A-002,AST-002,2026-06-26 17:24:00,Critical,Endpoint Security,Firewall,False,,CASE-0081
ALT-0119,A-002,AST-001,2026-06-27 09:14:00,Low,Authentication,SIEM,True,2026-06-27 11:10:00,CASE-0082
ALT-0120,A-002,AST-002,2026-04-04 01:20:00,Medium,Malware Detection,IDS,True,2026-04-04 02:40:00,CASE-0083
ALT-0121,A-002,AST-002,2026-06-12 21:50:00,High,Authentication,IAM,True,2026-06-12 22:39:00,CASE-0084
ALT-0122,A-002,AST-002,2026-06-14 04:14:00,Low,Privilege Escalation,IDS,True,2026-06-14 05:24:00,
ALT-0123,A-002,AST-001,2026-05-07 21:34:00,Medium,Malware Detection,IAM,True,2026-05-07 23:32:00,CASE-0085
ALT-0124,A-002,AST-002,2026-05-03 14:54:00,Medium,Privilege Escalation,SIEM,True,2026-05-03 16:37:00,
ALT-0125,A-002,AST-001,2026-05-08 22:18:00,Medium,Privilege Escalation,IDS,True,2026-05-09 01:11:00,CASE-0086
ALT-0126,A-002,AST-001,2026-04-07 19:47:00,High,Network Anomaly,IAM,True,2026-04-07 21:05:00,CASE-0087
ALT-0127,A-002,AST-002,2026-05-03 21:48:00,Low,Endpoint Security,EDR,True,2026-05-04 00:41:00,CASE-0088
ALT-0128,A-002,AST-001,2026-05-10 14:02:00,High,Authentication,IDS,True,2026-05-10 14:40:00,
ALT-0129,A-002,AST-002,2026-04-17 17:56:00,Low,Data Access,IAM,False,,CASE-0089
ALT-0130,A-002,AST-002,2026-06-01 09:47:00,Medium,Privilege Escalation,SIEM,True,2026-06-01 10:21:00,CASE-0090
ALT-0131,A-002,AST-001,2026-06-26 23:43:00,Low,Data Access,IDS,False,,CASE-0091
ALT-0132,A-002,AST-001,2026-06-08 03:29:00,Low,Malware Detection,IAM,True,2026-06-08 06:26:00,CASE-0092
ALT-0133,A-002,AST-002,2026-04-14 21:14:00,Critical,Data Access,IDS,True,2026-04-14 23:57:00,CASE-0093
ALT-0134,A-002,AST-001,2026-05-30 22:19:00,High,Network Anomaly,SIEM,True,2026-05-30 22:53:00,CASE-0094
ALT-0135,A-002,AST-001,2026-04-13 07:56:00,Medium,Privilege Escalation,IDS,True,2026-04-13 09:40:00,
ALT-0136,A-002,AST-002,2026-05-24 20:06:00,High,Privilege Escalation,IDS,True,2026-05-24 22:48:00,
ALT-0137,A-002,AST-001,2026-05-27 07:54:00,Low,Malware Detection,IAM,True,2026-05-27 10:54:00,CASE-0095
ALT-0138,A-002,AST-002,2026-04-16 14:05:00,Medium,Endpoint Security,IAM,True,2026-04-16 16:54:00,CASE-0096
ALT-0139,A-002,AST-001,2026-04-17 18:13:00,Medium,Network Anomaly,IAM,True,2026-04-17 20:39:00,
ALT-0140,A-002,AST-001,2026-04-19 19:00:00,Low,Network Anomaly,IAM,True,2026-04-19 19:42:00,
ALT-0141,A-002,AST-002,2026-04-04 04:00:00,Low,Data Access,IDS,True,2026-04-04 05:05:00,CASE-0097
ALT-0142,A-002,AST-001,2026-05-24 16:07:00,Low,Privilege Escalation,IDS,True,2026-05-24 18:13:00,
ALT-0143,A-002,AST-001,2026-06-18 01:46:00,Low,Data Access,IDS,True,2026-06-18 04:39:00,CASE-0098
ALT-0144,A-002,AST-002,2026-06-01 12:27:00,Low,Endpoint Security,Firewall,True,2026-06-01 14:37:00,CASE-0099
ALT-0145,A-002,AST-001,2026-04-19 02:08:00,Medium,Data Access,IAM,True,2026-04-19 04:55:00,
ALT-0146,A-002,AST-002,2026-05-08 14:32:00,High,Endpoint Security,SIEM,True,2026-05-08 15:02:00,CASE-0100
ALT-0147,A-002,AST-001,2026-05-23 10:52:00,Critical,Endpoint Security,SIEM,True,2026-05-23 12:43:00,CASE-0101
ALT-0148,A-002,AST-002,2026-05-18 04:43:00,High,Authentication,SIEM,True,2026-05-18 05:05:00,CASE-0102
ALT-0149,A-002,AST-001,2026-05-18 04:35:00,High,Data Access,IDS,True,2026-05-18 07:03:00,CASE-0103
ALT-0150,A-002,AST-001,2026-05-25 23:03:00,Critical,Data Access,IDS,False,,CASE-0104
ALT-0151,A-002,AST-002,2026-04-20 21:30:00,High,Malware Detection,IAM,True,2026-04-20 22:02:00,CASE-0105
ALT-0152,A-002,AST-002,2026-04-29 13:54:00,Medium,Data Access,IAM,True,2026-04-29 16:38:00,CASE-0106
ALT-0153,A-002,AST-001,2026-06-28 08:01:00,High,Malware Detection,IDS,True,2026-06-28 09:25:00,CASE-0082
ALT-0154,A-002,AST-001,2026-06-24 12:04:00,Low,Authentication,SIEM,True,2026-06-24 14:51:00,CASE-0107
ALT-0155,A-002,AST-001,2026-04-21 11:19:00,Medium,Data Access,SIEM,True,2026-04-21 13:49:00,CASE-0108
ALT-0156,A-002,AST-001,2026-04-07 21:05:00,High,Privilege Escalation,Firewall,True,2026-04-07 23:59:00,CASE-0109
ALT-0157,A-002,AST-002,2026-06-05 03:22:00,Low,Endpoint Security,IAM,True,2026-06-05 04:39:00,CASE-0110
ALT-0158,A-002,AST-002,2026-04-29 12:38:00,Medium,Malware Detection,EDR,True,2026-04-29 13:35:00,CASE-0111
ALT-0159,A-002,AST-001,2026-04-16 00:31:00,Medium,Network Anomaly,Firewall,True,2026-04-16 01:20:00,CASE-0112
ALT-0160,A-002,AST-001,2026-05-16 02:25:00,Critical,Privilege Escalation,SIEM,True,2026-05-16 02:40:00,CASE-0113
ALT-0161,A-002,AST-002,2026-06-13 13:36:00,Critical,Privilege Escalation,IDS,True,2026-06-13 16:24:00,CASE-0114
ALT-0162,A-002,AST-001,2026-04-22 19:29:00,Critical,Authentication,Firewall,True,2026-04-22 21:06:00,CASE-0115
ALT-0163,A-002,AST-001,2026-06-07 02:25:00,High,Network Anomaly,IDS,True,2026-06-07 03:56:00,
ALT-0164,A-002,AST-001,2026-06-07 16:12:00,High,Malware Detection,EDR,True,2026-06-07 17:46:00,
ALT-0165,A-002,AST-001,2026-04-23 19:09:00,Medium,Authentication,EDR,True,2026-04-23 22:01:00,CASE-0116
ALT-0166,A-002,AST-002,2026-06-14 14:43:00,High,Endpoint Security,IAM,True,2026-06-14 17:12:00,CASE-0079
ALT-0167,A-002,AST-002,2026-04-20 14:04:00,High,Malware Detection,IDS,True,2026-04-20 16:50:00,CASE-0105
ALT-0168,A-002,AST-001,2026-05-30 14:02:00,Low,Authentication,SIEM,True,2026-05-30 15:20:00,CASE-0117
ALT-0169,A-002,AST-002,2026-04-06 14:58:00,High,Network Anomaly,IDS,True,2026-04-06 17:49:00,CASE-0118
ALT-0170,A-002,AST-002,2026-05-28 03:51:00,Critical,Endpoint Security,SIEM,True,2026-05-28 05:23:00,CASE-0119
ALT-0171,A-002,AST-001,2026-05-27 16:33:00,High,Malware Detection,IDS,True,2026-05-27 18:11:00,CASE-0120
ALT-0172,A-002,AST-002,2026-06-16 01:50:00,Medium,Authentication,IDS,True,2026-06-16 03:20:00,
ALT-0173,A-002,AST-001,2026-05-03 23:54:00,Medium,Network Anomaly,IDS,True,2026-05-04 02:33:00,
ALT-0174,A-002,AST-001,2026-05-15 09:41:00,Low,Network Anomaly,IAM,True,2026-05-15 11:26:00,
ALT-0175,A-002,AST-001,2026-05-13 04:42:00,Medium,Data Access,SIEM,True,2026-05-13 07:42:00,
ALT-0176,A-002,AST-002,2026-05-10 05:13:00,Low,Network Anomaly,EDR,True,2026-05-10 07:22:00,CASE-0121
ALT-0177,A-002,AST-001,2026-04-13 16:49:00,Medium,Authentication,IDS,True,2026-04-13 19:08:00,CASE-0122
ALT-0178,A-002,AST-001,2026-04-24 22:49:00,Low,Endpoint Security,Firewall,True,2026-04-24 23:36:00,CASE-0123
ALT-0179,A-002,AST-001,2026-05-01 14:39:00,High,Network Anomaly,IAM,True,2026-05-01 16:38:00,CASE-0124
ALT-0180,A-002,AST-001,2026-05-31 06:23:00,Critical,Privilege Escalation,Firewall,True,2026-05-31 08:54:00,CASE-0094
ALT-0181,A-002,AST-002,2026-05-24 05:52:00,High,Network Anomaly,IDS,True,2026-05-24 08:31:00,CASE-0125
ALT-0182,A-002,AST-001,2026-06-10 03:45:00,Critical,Malware Detection,SIEM,True,2026-06-10 04:21:00,CASE-0126
ALT-0183,A-002,AST-001,2026-04-19 13:05:00,Critical,Privilege Escalation,IDS,True,2026-04-19 14:06:00,CASE-0127
ALT-0184,A-002,AST-001,2026-05-18 07:24:00,Medium,Malware Detection,EDR,False,,CASE-0103
ALT-0185,A-002,AST-001,2026-06-23 10:50:00,Low,Malware Detection,Firewall,True,2026-06-23 11:04:00,
ALT-0186,A-002,AST-001,2026-06-18 00:57:00,Medium,Network Anomaly,EDR,True,2026-06-18 02:07:00,CASE-0128
ALT-0187,A-002,AST-002,2026-05-09 03:03:00,Medium,Data Access,Firewall,True,2026-05-09 05:51:00,CASE-0129
ALT-0188,A-002,AST-001,2026-06-16 17:01:00,Critical,Network Anomaly,EDR,True,2026-06-16 19:33:00,
ALT-0189,A-002,AST-002,2026-05-01 18:26:00,High,Authentication,IAM,True,2026-05-01 21:22:00,
ALT-0190,A-002,AST-002,2026-06-04 16:35:00,High,Authentication,Firewall,True,2026-06-04 18:40:00,
ALT-0191,A-002,AST-002,2026-04-09 11:15:00,Low,Authentication,IAM,True,2026-04-09 14:00:00,CASE-0130
ALT-0192,A-002,AST-002,2026-05-14 20:11:00,Medium,Privilege Escalation,Firewall,True,2026-05-14 23:11:00,CASE-0131
ALT-0193,A-002,AST-001,2026-05-29 01:18:00,Low,Authentication,IDS,True,2026-05-29 02:14:00,CASE-0132
ALT-0194,A-002,AST-002,2026-06-09 15:16:00,Critical,Network Anomaly,IDS,True,2026-06-09 18:06:00,
ALT-0195,A-002,AST-002,2026-06-23 10:17:00,Low,Privilege Escalation,Firewall,True,2026-06-23 11:56:00,CASE-0080
ALT-0196,A-002,AST-002,2026-04-24 15:44:00,Medium,Malware Detection,SIEM,True,2026-04-24 18:01:00,
ALT-0197,A-002,AST-002,2026-04-24 17:18:00,High,Malware Detection,IDS,True,2026-04-24 17:43:00,CASE-0133
ALT-0198,A-002,AST-002,2026-04-22 22:28:00,High,Endpoint Security,IDS,True,2026-04-22 22:43:00,CASE-0134
ALT-0199,A-002,AST-002,2026-04-08 02:42:00,Critical,Data Access,EDR,True,2026-04-08 04:20:00,
ALT-0200,A-002,AST-001,2026-05-27 01:08:00,High,Malware Detection,IDS,True,2026-05-27 03:58:00,CASE-0135
ALT-0201,A-003,AST-004,2026-01-05 19:09:00,Critical,Malware Detection,Firewall,True,2026-01-05 20:48:00,
ALT-0202,A-003,AST-003,2026-03-09 11:25:00,Medium,Network Anomaly,SIEM,True,2026-03-09 12:41:00,CASE-0136
ALT-0203,A-003,AST-003,2026-03-05 16:24:00,High,Malware Detection,IDS,True,2026-03-05 16:59:00,
ALT-0204,A-003,AST-004,2026-03-20 09:44:00,Low,Network Anomaly,SIEM,True,2026-03-20 11:54:00,CASE-0137
ALT-0205,A-003,AST-003,2026-02-27 05:57:00,High,Endpoint Security,IDS,True,2026-02-27 06:24:00,CASE-0138
ALT-0206,A-003,AST-004,2026-03-12 17:18:00,High,Endpoint Security,EDR,True,2026-03-12 18:03:00,
ALT-0207,A-003,AST-004,2026-01-16 06:50:00,Medium,Authentication,IDS,True,2026-01-16 09:01:00,CASE-0139
ALT-0208,A-003,AST-004,2026-03-12 04:39:00,Medium,Malware Detection,Firewall,True,2026-03-12 05:00:00,
ALT-0209,A-003,AST-004,2026-02-22 18:04:00,Medium,Endpoint Security,SIEM,True,2026-02-22 19:30:00,CASE-0140
ALT-0210,A-003,AST-004,2026-03-08 11:08:00,Medium,Endpoint Security,IAM,True,2026-03-08 13:34:00,CASE-0141
ALT-0211,A-003,AST-003,2026-01-17 13:32:00,High,Authentication,IAM,True,2026-01-17 13:51:00,CASE-0142
ALT-0212,A-003,AST-003,2026-01-21 10:59:00,Low,Data Access,IDS,True,2026-01-21 12:32:00,
ALT-0213,A-003,AST-003,2026-03-23 17:17:00,Low,Data Access,IAM,True,2026-03-23 18:39:00,
ALT-0214,A-003,AST-003,2026-01-22 18:37:00,Medium,Data Access,IAM,True,2026-01-22 21:30:00,CASE-0143
ALT-0215,A-003,AST-004,2026-03-14 01:52:00,High,Authentication,IAM,True,2026-03-14 02:17:00,
ALT-0216,A-003,AST-004,2026-03-15 13:39:00,Medium,Endpoint Security,IAM,True,2026-03-15 15:51:00,CASE-0144
ALT-0217,A-003,AST-004,2026-02-08 15:15:00,Medium,Privilege Escalation,IDS,True,2026-02-08 18:15:00,
ALT-0218,A-003,AST-004,2026-01-08 05:28:00,Low,Network Anomaly,IDS,True,2026-01-08 07:31:00,
ALT-0219,A-003,AST-003,2026-02-10 23:55:00,Low,Network Anomaly,IDS,True,2026-02-11 01:42:00,
ALT-0220,A-003,AST-003,2026-03-01 03:17:00,Low,Authentication,SIEM,True,2026-03-01 03:58:00,CASE-0145
ALT-0221,A-003,AST-004,2026-03-20 13:15:00,Critical,Network Anomaly,IDS,False,,
ALT-0222,A-003,AST-004,2026-01-21 15:32:00,Low,Privilege Escalation,SIEM,True,2026-01-21 16:55:00,CASE-0146
ALT-0223,A-003,AST-003,2026-03-06 14:15:00,Critical,Authentication,SIEM,True,2026-03-06 15:50:00,
ALT-0224,A-003,AST-004,2026-03-25 21:30:00,Medium,Authentication,Firewall,True,2026-03-25 21:37:00,CASE-0147
ALT-0225,A-003,AST-003,2026-02-16 12:23:00,High,Data Access,IAM,True,2026-02-16 12:41:00,CASE-0148
ALT-0226,A-003,AST-003,2026-02-06 02:24:00,Low,Malware Detection,IAM,True,2026-02-06 04:49:00,
ALT-0227,A-003,AST-003,2026-01-13 12:23:00,Low,Data Access,IDS,True,2026-01-13 13:54:00,CASE-0149
ALT-0228,A-003,AST-003,2026-03-07 12:32:00,Low,Network Anomaly,IDS,True,2026-03-07 12:46:00,CASE-0150
ALT-0229,A-003,AST-004,2026-01-20 19:57:00,Medium,Data Access,IDS,True,2026-01-20 21:25:00,CASE-0151
ALT-0230,A-003,AST-003,2026-03-20 23:53:00,Low,Data Access,IAM,True,2026-03-21 01:24:00,CASE-0152
ALT-0231,A-003,AST-004,2026-02-08 15:52:00,High,Endpoint Security,SIEM,True,2026-02-08 17:21:00,
ALT-0232,A-003,AST-004,2026-03-30 20:01:00,Medium,Endpoint Security,IAM,True,2026-03-30 21:13:00,
ALT-0233,A-003,AST-003,2026-03-16 15:10:00,High,Privilege Escalation,EDR,True,2026-03-16 17:53:00,CASE-0153
ALT-0234,A-003,AST-003,2026-03-31 03:12:00,Low,Privilege Escalation,EDR,True,2026-03-31 04:37:00,CASE-0154
ALT-0235,A-003,AST-004,2026-02-22 16:49:00,Medium,Endpoint Security,SIEM,True,2026-02-22 18:54:00,CASE-0140
ALT-0236,A-003,AST-003,2026-03-13 10:42:00,Medium,Malware Detection,EDR,True,2026-03-13 12:23:00,
ALT-0237,A-003,AST-004,2026-02-13 17:22:00,Critical,Endpoint Security,IDS,True,2026-02-13 20:21:00,
ALT-0238,A-003,AST-004,2026-02-01 08:35:00,Low,Malware Detection,EDR,True,2026-02-01 09:56:00,
ALT-0239,A-003,AST-004,2026-02-14 17:59:00,Low,Malware Detection,SIEM,True,2026-02-14 19:14:00,CASE-0155
ALT-0240,A-003,AST-004,2026-02-20 11:49:00,High,Authentication,IDS,True,2026-02-20 13:08:00,
ALT-0241,A-003,AST-003,2026-02-26 20:16:00,Low,Network Anomaly,IAM,True,2026-02-26 21:15:00,CASE-0156
ALT-0242,A-003,AST-004,2026-03-31 08:08:00,Critical,Network Anomaly,EDR,True,2026-03-31 10:43:00,CASE-0157
ALT-0243,A-003,AST-003,2026-03-09 07:40:00,Medium,Privilege Escalation,IDS,True,2026-03-09 08:10:00,CASE-0158
ALT-0244,A-003,AST-004,2026-01-18 00:35:00,Low,Network Anomaly,Firewall,False,,CASE-0159
ALT-0245,A-003,AST-004,2026-01-26 09:20:00,Medium,Authentication,IAM,True,2026-01-26 09:40:00,CASE-0160
ALT-0246,A-003,AST-003,2026-01-05 05:26:00,Medium,Authentication,Firewall,True,2026-01-05 06:16:00,CASE-0161
ALT-0247,A-003,AST-004,2026-02-07 01:00:00,Low,Authentication,IDS,True,2026-02-07 03:39:00,
ALT-0248,A-003,AST-004,2026-03-24 17:33:00,Medium,Data Access,Firewall,True,2026-03-24 18:12:00,
ALT-0249,A-003,AST-004,2026-01-15 10:10:00,Low,Malware Detection,EDR,True,2026-01-15 13:00:00,
ALT-0250,A-003,AST-003,2026-02-07 18:43:00,High,Data Access,Firewall,True,2026-02-07 19:32:00,
ALT-0251,A-003,AST-004,2026-01-12 12:42:00,Medium,Privilege Escalation,IDS,True,2026-01-12 13:22:00,CASE-0162
ALT-0252,A-003,AST-003,2026-02-19 07:28:00,Low,Malware Detection,IAM,True,2026-02-19 08:57:00,CASE-0163
ALT-0253,A-003,AST-003,2026-02-16 22:15:00,Low,Privilege Escalation,IDS,True,2026-02-16 22:50:00,CASE-0148
ALT-0254,A-003,AST-003,2026-03-06 22:49:00,Medium,Endpoint Security,IDS,True,2026-03-06 23:24:00,CASE-0164
ALT-0255,A-003,AST-004,2026-01-29 04:30:00,Medium,Malware Detection,Firewall,True,2026-01-29 07:10:00,CASE-0165
ALT-0256,A-003,AST-004,2026-03-27 06:48:00,High,Authentication,IAM,True,2026-03-27 09:25:00,CASE-0166
ALT-0257,A-003,AST-004,2026-02-16 02:58:00,Medium,Data Access,IAM,True,2026-02-16 03:18:00,
ALT-0258,A-003,AST-003,2026-01-20 05:20:00,Medium,Authentication,EDR,True,2026-01-20 07:18:00,
ALT-0259,A-003,AST-004,2026-03-07 14:51:00,Low,Data Access,Firewall,True,2026-03-07 15:29:00,CASE-0167
ALT-0260,A-003,AST-004,2026-03-13 14:43:00,Medium,Privilege Escalation,IDS,True,2026-03-13 14:53:00,CASE-0168
ALT-0261,A-003,AST-003,2026-03-16 02:02:00,High,Data Access,SIEM,True,2026-03-16 02:23:00,CASE-0169
ALT-0262,A-003,AST-003,2026-03-02 01:18:00,Critical,Endpoint Security,Firewall,True,2026-03-02 01:57:00,CASE-0145
ALT-0263,A-003,AST-004,2026-02-18 14:55:00,Critical,Privilege Escalation,SIEM,True,2026-02-18 16:36:00,CASE-0170
ALT-0264,A-003,AST-003,2026-02-14 03:11:00,Medium,Privilege Escalation,IAM,False,,
ALT-0265,A-003,AST-003,2026-01-29 00:48:00,High,Privilege Escalation,IAM,True,2026-01-29 02:09:00,
ALT-0266,A-003,AST-004,2026-01-30 07:29:00,Medium,Network Anomaly,SIEM,True,2026-01-30 08:44:00,CASE-0171
ALT-0267,A-003,AST-003,2026-02-23 19:49:00,High,Network Anomaly,EDR,True,2026-02-23 19:58:00,CASE-0172
ALT-0268,A-003,AST-003,2026-01-05 14:38:00,Low,Network Anomaly,SIEM,True,2026-01-05 14:55:00,CASE-0161
ALT-0269,A-003,AST-004,2026-03-11 06:48:00,Medium,Network Anomaly,IAM,True,2026-03-11 07:07:00,CASE-0173
ALT-0270,A-003,AST-004,2026-03-15 10:36:00,Low,Malware Detection,EDR,True,2026-03-15 13:33:00,CASE-0174
ALT-0271,A-003,AST-004,2026-03-26 16:14:00,High,Authentication,IAM,True,2026-03-26 17:29:00,
ALT-0272,A-003,AST-003,2026-02-24 17:31:00,Medium,Endpoint Security,Firewall,True,2026-02-24 19:04:00,CASE-0175
ALT-0273,A-003,AST-004,2026-02-22 04:19:00,Medium,Privilege Escalation,EDR,True,2026-02-22 06:41:00,
ALT-0274,A-003,AST-003,2026-01-19 14:58:00,Low,Privilege Escalation,IAM,True,2026-01-19 16:48:00,CASE-0176
ALT-0275,A-003,AST-003,2026-02-02 06:21:00,Low,Malware Detection,SIEM,True,2026-02-02 08:21:00,CASE-0177
ALT-0276,A-003,AST-003,2026-02-18 21:38:00,Low,Network Anomaly,IAM,True,2026-02-18 22:01:00,CASE-0163
ALT-0277,A-003,AST-003,2026-02-12 09:58:00,Medium,Endpoint Security,SIEM,True,2026-02-12 10:51:00,
ALT-0278,A-003,AST-004,2026-03-31 19:45:00,Critical,Data Access,IDS,True,2026-03-31 20:51:00,CASE-0178
ALT-0279,A-003,AST-004,2026-03-10 20:22:00,Low,Data Access,Firewall,True,2026-03-10 21:59:00,CASE-0179
ALT-0280,A-003,AST-004,2026-03-02 10:58:00,Low,Privilege Escalation,SIEM,True,2026-03-02 12:23:00,
ALT-0281,A-003,AST-003,2026-01-03 08:35:00,High,Endpoint Security,Firewall,True,2026-01-03 11:08:00,
ALT-0282,A-003,AST-004,2026-02-12 07:24:00,Low,Privilege Escalation,IAM,True,2026-02-12 08:31:00,
ALT-0283,A-003,AST-004,2026-03-04 23:41:00,Low,Network Anomaly,IDS,True,2026-03-05 01:43:00,CASE-0180
ALT-0284,A-003,AST-003,2026-03-11 15:11:00,Low,Endpoint Security,SIEM,True,2026-03-11 17:34:00,
ALT-0285,A-003,AST-003,2026-01-10 21:03:00,High,Network Anomaly,EDR,True,2026-01-10 22:53:00,
ALT-0286,A-003,AST-003,2026-01-02 06:32:00,High,Data Access,IAM,True,2026-01-02 06:52:00,CASE-0181
ALT-0287,A-003,AST-004,2026-01-03 00:34:00,Medium,Authentication,IAM,True,2026-01-03 00:42:00,CASE-0182
ALT-0288,A-003,AST-004,2026-02-06 00:32:00,Medium,Privilege Escalation,EDR,True,2026-02-06 03:29:00,CASE-0183
ALT-0289,A-003,AST-003,2026-03-09 04:15:00,Critical,Malware Detection,IDS,True,2026-03-09 06:34:00,CASE-0184
ALT-0290,A-003,AST-004,2026-01-11 11:25:00,High,Endpoint Security,EDR,True,2026-01-11 12:32:00,
ALT-0291,A-003,AST-004,2026-01-11 20:54:00,Medium,Authentication,Firewall,True,2026-01-11 21:07:00,
ALT-0292,A-003,AST-004,2026-03-02 01:40:00,Low,Authentication,Firewall,True,2026-03-02 02:28:00,
ALT-0293,A-003,AST-004,2026-02-12 18:54:00,Medium,Data Access,SIEM,False,,CASE-0185
ALT-0294,A-003,AST-003,2026-03-30 18:30:00,Low,Endpoint Security,IDS,True,2026-03-30 18:54:00,CASE-0186
ALT-0295,A-003,AST-003,2026-02-10 00:13:00,Low,Authentication,IDS,True,2026-02-10 01:59:00,CASE-0187
ALT-0296,A-003,AST-003,2026-03-14 12:43:00,Medium,Privilege Escalation,EDR,True,2026-03-14 14:12:00,CASE-0188
ALT-0297,A-003,AST-003,2026-02-14 01:06:00,Medium,Malware Detection,IAM,True,2026-02-14 01:30:00,CASE-0189
ALT-0298,A-003,AST-004,2026-02-11 00:40:00,Critical,Privilege Escalation,EDR,True,2026-02-11 02:40:00,CASE-0190
ALT-0299,A-003,AST-004,2026-02-18 13:11:00,Medium,Privilege Escalation,SIEM,True,2026-02-18 16:05:00,CASE-0191
ALT-0300,A-003,AST-004,2026-01-10 02:17:00,High,Network Anomaly,Firewall,True,2026-01-10 05:04:00,CASE-0192
ALT-0301,A-004,AST-004,2026-04-12 00:19:00,Low,Authentication,EDR,True,2026-04-12 01:33:00,CASE-0193
ALT-0302,A-004,AST-003,2026-05-28 17:35:00,Low,Authentication,SIEM,True,2026-05-28 18:06:00,CASE-0194
ALT-0303,A-004,AST-004,2026-06-16 19:50:00,Medium,Authentication,IDS,True,2026-06-16 21:33:00,CASE-0195
ALT-0304,A-004,AST-004,2026-04-11 23:57:00,Low,Data Access,IAM,True,2026-04-12 01:04:00,CASE-0196
ALT-0305,A-004,AST-003,2026-04-22 04:17:00,Medium,Network Anomaly,SIEM,True,2026-04-22 06:28:00,CASE-0197
ALT-0306,A-004,AST-003,2026-05-24 09:30:00,Medium,Malware Detection,EDR,True,2026-05-24 11:07:00,CASE-0198
ALT-0307,A-004,AST-004,2026-04-26 14:06:00,Medium,Privilege Escalation,IDS,True,2026-04-26 14:12:00,CASE-0199
ALT-0308,A-004,AST-004,2026-05-13 14:21:00,High,Data Access,EDR,True,2026-05-13 17:12:00,CASE-0200
ALT-0309,A-004,AST-004,2026-06-28 06:30:00,Low,Malware Detection,IDS,True,2026-06-28 08:16:00,CASE-0201
ALT-0310,A-004,AST-004,2026-05-02 10:24:00,Critical,Malware Detection,SIEM,True,2026-05-02 12:09:00,CASE-0202
ALT-0311,A-004,AST-003,2026-06-09 05:43:00,Medium,Endpoint Security,Firewall,True,2026-06-09 05:54:00,
ALT-0312,A-004,AST-003,2026-05-08 22:04:00,Medium,Endpoint Security,Firewall,True,2026-05-08 23:53:00,
ALT-0313,A-004,AST-003,2026-05-01 08:42:00,Medium,Privilege Escalation,SIEM,True,2026-05-01 10:35:00,CASE-0203
ALT-0314,A-004,AST-004,2026-06-01 18:25:00,Critical,Data Access,SIEM,True,2026-06-01 20:17:00,CASE-0204
ALT-0315,A-004,AST-004,2026-06-08 19:40:00,High,Network Anomaly,IDS,True,2026-06-08 20:12:00,
ALT-0316,A-004,AST-003,2026-04-06 18:41:00,Medium,Malware Detection,Firewall,True,2026-04-06 20:28:00,CASE-0205
ALT-0317,A-004,AST-003,2026-05-04 07:32:00,Low,Data Access,IAM,True,2026-05-04 09:59:00,
ALT-0318,A-004,AST-003,2026-05-21 14:49:00,Medium,Network Anomaly,IDS,True,2026-05-21 17:02:00,CASE-0206
ALT-0319,A-004,AST-003,2026-05-08 13:58:00,Medium,Authentication,EDR,False,,
ALT-0320,A-004,AST-004,2026-05-29 06:33:00,Low,Authentication,Firewall,True,2026-05-29 08:39:00,
ALT-0321,A-004,AST-004,2026-05-09 01:51:00,Low,Malware Detection,SIEM,True,2026-05-09 02:01:00,CASE-0207
ALT-0322,A-004,AST-003,2026-05-02 16:11:00,Critical,Data Access,Firewall,True,2026-05-02 17:40:00,CASE-0208
ALT-0323,A-004,AST-004,2026-05-22 20:11:00,Low,Privilege Escalation,Firewall,True,2026-05-22 23:04:00,
ALT-0324,A-004,AST-003,2026-04-26 14:37:00,High,Endpoint Security,EDR,True,2026-04-26 14:43:00,CASE-0209
ALT-0325,A-004,AST-003,2026-06-30 02:36:00,Low,Network Anomaly,IDS,True,2026-06-30 04:58:00,CASE-0210
ALT-0326,A-004,AST-004,2026-04-15 08:42:00,Low,Endpoint Security,IDS,True,2026-04-15 11:02:00,CASE-0211
ALT-0327,A-004,AST-004,2026-06-15 03:22:00,Medium,Data Access,EDR,True,2026-06-15 05:24:00,
ALT-0328,A-004,AST-004,2026-06-15 02:43:00,Critical,Network Anomaly,IDS,True,2026-06-15 03:18:00,
ALT-0329,A-004,AST-003,2026-06-28 04:32:00,Low,Network Anomaly,IAM,True,2026-06-28 07:09:00,
ALT-0330,A-004,AST-004,2026-06-02 20:34:00,Medium,Network Anomaly,IAM,True,2026-06-02 23:24:00,CASE-0212
ALT-0331,A-004,AST-003,2026-04-18 05:20:00,Medium,Authentication,IDS,True,2026-04-18 08:03:00,CASE-0213
ALT-0332,A-004,AST-003,2026-04-25 12:35:00,Medium,Privilege Escalation,Firewall,True,2026-04-25 14:46:00,CASE-0214
ALT-0333,A-004,AST-004,2026-05-27 15:10:00,High,Network Anomaly,IDS,True,2026-05-27 15:22:00,CASE-0215
ALT-0334,A-004,AST-003,2026-06-08 09:10:00,Low,Endpoint Security,Firewall,True,2026-06-08 11:39:00,CASE-0216
ALT-0335,A-004,AST-003,2026-05-05 17:52:00,Medium,Data Access,SIEM,False,,CASE-0217
ALT-0336,A-004,AST-004,2026-05-25 03:47:00,Medium,Malware Detection,SIEM,True,2026-05-25 04:55:00,CASE-0218
ALT-0337,A-004,AST-004,2026-04-12 14:55:00,Low,Network Anomaly,EDR,False,,CASE-0219
ALT-0338,A-004,AST-004,2026-06-18 20:27:00,High,Network Anomaly,EDR,True,2026-06-18 21:07:00,
ALT-0339,A-004,AST-003,2026-06-08 08:38:00,Medium,Endpoint Security,IDS,True,2026-06-08 10:05:00,
ALT-0340,A-004,AST-004,2026-06-05 21:52:00,Medium,Authentication,IDS,True,2026-06-05 23:42:00,CASE-0220
ALT-0341,A-004,AST-003,2026-04-17 07:09:00,High,Endpoint Security,Firewall,True,2026-04-17 08:17:00,CASE-0213
ALT-0342,A-004,AST-004,2026-06-20 08:40:00,Low,Authentication,SIEM,True,2026-06-20 10:40:00,CASE-0221
ALT-0343,A-004,AST-004,2026-05-06 22:59:00,Medium,Privilege Escalation,IDS,True,2026-05-07 01:00:00,
ALT-0344,A-004,AST-003,2026-04-12 23:29:00,High,Authentication,IAM,True,2026-04-13 01:05:00,
ALT-0345,A-004,AST-004,2026-05-25 06:31:00,Low,Malware Detection,IAM,True,2026-05-25 07:48:00,CASE-0218
ALT-0346,A-004,AST-003,2026-06-02 10:57:00,Medium,Authentication,SIEM,True,2026-06-02 11:14:00,
ALT-0347,A-004,AST-004,2026-04-21 14:29:00,Low,Network Anomaly,EDR,True,2026-04-21 16:23:00,CASE-0222
ALT-0348,A-004,AST-004,2026-05-06 02:41:00,Low,Malware Detection,EDR,True,2026-05-06 03:07:00,
ALT-0349,A-004,AST-003,2026-05-10 23:44:00,Low,Endpoint Security,SIEM,True,2026-05-11 01:38:00,
ALT-0350,A-004,AST-003,2026-06-01 02:08:00,Low,Endpoint Security,Firewall,True,2026-06-01 04:25:00,CASE-0223
ALT-0351,A-004,AST-003,2026-05-14 03:55:00,Low,Privilege Escalation,SIEM,True,2026-05-14 04:33:00,CASE-0224
ALT-0352,A-004,AST-003,2026-04-14 03:20:00,Low,Network Anomaly,Firewall,True,2026-04-14 04:41:00,
ALT-0353,A-004,AST-003,2026-06-26 04:04:00,Medium,Data Access,EDR,True,2026-06-26 04:11:00,
ALT-0354,A-004,AST-004,2026-04-28 20:47:00,Low,Data Access,Firewall,True,2026-04-28 22:37:00,CASE-0225
ALT-0355,A-004,AST-003,2026-04-13 04:48:00,Low,Malware Detection,Firewall,True,2026-04-13 06:31:00,
ALT-0356,A-004,AST-004,2026-05-02 08:41:00,High,Data Access,IAM,True,2026-05-02 11:07:00,
ALT-0357,A-004,AST-004,2026-06-28 00:54:00,High,Network Anomaly,IAM,True,2026-06-28 02:16:00,CASE-0226
ALT-0358,A-004,AST-003,2026-05-08 20:03:00,High,Privilege Escalation,Firewall,True,2026-05-08 21:09:00,CASE-0227
ALT-0359,A-004,AST-003,2026-06-21 19:04:00,Low,Malware Detection,IDS,True,2026-06-21 19:12:00,
ALT-0360,A-004,AST-003,2026-06-12 13:23:00,Low,Privilege Escalation,SIEM,True,2026-06-12 14:12:00,CASE-0228
ALT-0361,A-004,AST-003,2026-04-02 08:13:00,Medium,Privilege Escalation,IAM,True,2026-04-02 08:33:00,
ALT-0362,A-004,AST-004,2026-06-04 13:27:00,Medium,Endpoint Security,IAM,True,2026-06-04 13:53:00,CASE-0229
ALT-0363,A-004,AST-003,2026-05-10 02:32:00,Low,Data Access,IDS,True,2026-05-10 03:16:00,CASE-0230
ALT-0364,A-004,AST-004,2026-06-23 21:41:00,Medium,Endpoint Security,EDR,True,2026-06-23 23:37:00,CASE-0231
ALT-0365,A-004,AST-003,2026-05-26 03:29:00,Low,Malware Detection,EDR,True,2026-05-26 03:48:00,CASE-0232
ALT-0366,A-004,AST-003,2026-04-18 22:00:00,Low,Data Access,IAM,True,2026-04-18 23:33:00,CASE-0233
ALT-0367,A-004,AST-004,2026-04-17 23:49:00,Low,Authentication,IDS,True,2026-04-18 00:24:00,CASE-0234
ALT-0368,A-004,AST-004,2026-04-09 08:45:00,Low,Endpoint Security,SIEM,False,,CASE-0235
ALT-0369,A-004,AST-004,2026-05-17 01:31:00,Medium,Malware Detection,EDR,True,2026-05-17 02:18:00,CASE-0236
ALT-0370,A-004,AST-004,2026-06-13 21:46:00,High,Authentication,SIEM,True,2026-06-14 00:01:00,CASE-0237
ALT-0371,A-004,AST-003,2026-05-31 11:24:00,Low,Authentication,IAM,True,2026-05-31 12:14:00,CASE-0223
ALT-0372,A-004,AST-004,2026-05-02 13:58:00,Low,Authentication,IAM,True,2026-05-02 15:12:00,
ALT-0373,A-004,AST-004,2026-06-26 01:11:00,Low,Authentication,Firewall,True,2026-06-26 03:28:00,
ALT-0374,A-004,AST-003,2026-05-07 09:20:00,High,Authentication,IDS,True,2026-05-07 11:21:00,CASE-0238
ALT-0375,A-004,AST-003,2026-05-09 23:39:00,Low,Data Access,Firewall,True,2026-05-10 01:18:00,CASE-0239
ALT-0376,A-004,AST-003,2026-06-09 07:09:00,High,Authentication,EDR,True,2026-06-09 08:58:00,CASE-0240
ALT-0377,A-004,AST-004,2026-06-28 00:21:00,Medium,Privilege Escalation,IDS,True,2026-06-28 03:14:00,
ALT-0378,A-004,AST-003,2026-05-01 13:31:00,Low,Network Anomaly,IDS,False,,
ALT-0379,A-004,AST-003,2026-04-30 16:26:00,Low,Privilege Escalation,SIEM,True,2026-04-30 18:06:00,CASE-0241
ALT-0380,A-004,AST-003,2026-06-21 12:04:00,Medium,Privilege Escalation,EDR,True,2026-06-21 12:24:00,CASE-0242
ALT-0381,A-004,AST-003,2026-05-11 12:44:00,Low,Malware Detection,Firewall,True,2026-05-11 14:12:00,CASE-0243
ALT-0382,A-004,AST-004,2026-04-26 04:49:00,Low,Network Anomaly,SIEM,True,2026-04-26 05:21:00,
ALT-0383,A-004,AST-003,2026-05-11 13:07:00,Medium,Privilege Escalation,IDS,True,2026-05-11 14:05:00,CASE-0244
ALT-0384,A-004,AST-004,2026-04-16 02:10:00,Low,Endpoint Security,IAM,True,2026-04-16 03:32:00,
ALT-0385,A-004,AST-003,2026-05-12 04:05:00,Low,Privilege Escalation,IAM,True,2026-05-12 05:41:00,CASE-0245
ALT-0386,A-004,AST-003,2026-05-04 05:01:00,Medium,Privilege Escalation,IAM,False,,CASE-0246
ALT-0387,A-004,AST-003,2026-04-14 04:07:00,Low,Network Anomaly,EDR,True,2026-04-14 05:08:00,CASE-0247
ALT-0388,A-004,AST-004,2026-06-20 20:05:00,Low,Authentication,SIEM,True,2026-06-20 21:16:00,CASE-0248
ALT-0389,A-004,AST-003,2026-06-22 14:51:00,Low,Authentication,SIEM,True,2026-06-22 16:20:00,
ALT-0390,A-004,AST-004,2026-06-13 13:52:00,Low,Authentication,Firewall,True,2026-06-13 16:04:00,CASE-0237
ALT-0391,A-004,AST-004,2026-04-28 05:17:00,Low,Authentication,IAM,True,2026-04-28 06:00:00,CASE-0249
ALT-0392,A-004,AST-003,2026-06-03 13:56:00,Medium,Authentication,IDS,True,2026-06-03 14:16:00,CASE-0250
ALT-0393,A-004,AST-004,2026-04-26 20:56:00,Low,Endpoint Security,IAM,True,2026-04-26 22:04:00,
ALT-0394,A-004,AST-003,2026-05-16 15:34:00,Critical,Data Access,IAM,True,2026-05-16 17:07:00,
ALT-0395,A-004,AST-004,2026-04-24 00:20:00,Low,Malware Detection,SIEM,True,2026-04-24 00:32:00,CASE-0251
ALT-0396,A-004,AST-004,2026-06-14 07:10:00,Medium,Network Anomaly,IDS,True,2026-06-14 10:03:00,CASE-0252
ALT-0397,A-004,AST-003,2026-04-29 18:54:00,High,Privilege Escalation,IDS,False,,CASE-0241
ALT-0398,A-004,AST-003,2026-06-15 10:51:00,Low,Data Access,SIEM,True,2026-06-15 12:27:00,CASE-0253
ALT-0399,A-004,AST-004,2026-06-12 04:36:00,Critical,Data Access,IDS,True,2026-06-12 06:47:00,CASE-0254
ALT-0400,A-004,AST-003,2026-04-12 01:14:00,Medium,Data Access,Firewall,True,2026-04-12 01:24:00,CASE-0255
ALT-0401,A-005,AST-005,2026-03-20 06:51:00,Low,Malware Detection,SIEM,True,2026-03-20 07:41:00,CASE-0256
ALT-0402,A-005,AST-005,2026-01-19 03:54:00,Low,Authentication,IDS,True,2026-01-19 05:32:00,CASE-0257
ALT-0403,A-005,AST-005,2026-02-13 09:20:00,Medium,Endpoint Security,Firewall,True,2026-02-13 10:05:00,
ALT-0404,A-005,AST-005,2026-01-23 22:35:00,Medium,Malware Detection,EDR,True,2026-01-24 01:17:00,CASE-0258
ALT-0405,A-005,AST-005,2026-03-30 09:08:00,Low,Endpoint Security,IAM,True,2026-03-30 09:13:00,CASE-0259
ALT-0406,A-005,AST-005,2026-03-14 01:11:00,High,Network Anomaly,IAM,True,2026-03-14 03:52:00,
ALT-0407,A-005,AST-005,2026-01-19 10:47:00,Critical,Malware Detection,EDR,True,2026-01-19 12:20:00,CASE-0260
ALT-0408,A-005,AST-005,2026-03-27 20:46:00,High,Authentication,IDS,True,2026-03-27 22:45:00,CASE-0261
ALT-0409,A-005,AST-005,2026-01-09 11:16:00,Low,Authentication,Firewall,True,2026-01-09 11:21:00,CASE-0262
ALT-0410,A-005,AST-005,2026-01-22 13:31:00,High,Data Access,Firewall,True,2026-01-22 15:05:00,CASE-0263
ALT-0411,A-005,AST-005,2026-03-15 20:48:00,High,Privilege Escalation,SIEM,True,2026-03-15 21:34:00,CASE-0264
ALT-0412,A-005,AST-005,2026-02-10 08:06:00,Low,Privilege Escalation,EDR,True,2026-02-10 08:54:00,CASE-0265
ALT-0413,A-005,AST-005,2026-01-12 10:38:00,Medium,Privilege Escalation,SIEM,False,,
ALT-0414,A-005,AST-005,2026-01-22 19:56:00,Critical,Authentication,IDS,True,2026-01-22 20:14:00,CASE-0263
ALT-0415,A-005,AST-005,2026-02-22 22:35:00,Critical,Malware Detection,IDS,True,2026-02-23 00:58:00,
ALT-0416,A-005,AST-005,2026-01-07 12:36:00,Low,Network Anomaly,SIEM,True,2026-01-07 14:46:00,CASE-0266
ALT-0417,A-005,AST-005,2026-01-12 09:52:00,Low,Privilege Escalation,EDR,True,2026-01-12 12:30:00,CASE-0267
ALT-0418,A-005,AST-005,2026-01-22 20:18:00,Low,Privilege Escalation,SIEM,False,,
ALT-0419,A-005,AST-005,2026-03-02 15:57:00,High,Endpoint Security,IAM,True,2026-03-02 16:25:00,CASE-0268
ALT-0420,A-005,AST-005,2026-02-18 11:11:00,Low,Privilege Escalation,Firewall,True,2026-02-18 12:23:00,CASE-0269
ALT-0421,A-005,AST-005,2026-02-04 18:03:00,Low,Authentication,SIEM,True,2026-02-04 20:58:00,CASE-0270
ALT-0422,A-005,AST-005,2026-02-22 18:14:00,High,Data Access,Firewall,True,2026-02-22 19:58:00,CASE-0271
ALT-0423,A-005,AST-005,2026-01-31 15:19:00,Medium,Data Access,IAM,True,2026-01-31 15:32:00,
ALT-0424,A-005,AST-005,2026-02-27 05:10:00,Low,Network Anomaly,EDR,False,,CASE-0272
ALT-0425,A-005,AST-005,2026-03-29 13:12:00,Medium,Endpoint Security,EDR,False,,CASE-0273
ALT-0426,A-005,AST-005,2026-01-09 02:24:00,Low,Malware Detection,IDS,True,2026-01-09 04:50:00,CASE-0262
ALT-0427,A-005,AST-005,2026-01-02 22:39:00,Critical,Authentication,Firewall,True,2026-01-03 00:31:00,
ALT-0428,A-005,AST-005,2026-03-17 18:48:00,Low,Authentication,SIEM,False,,CASE-0274
ALT-0429,A-005,AST-005,2026-03-10 11:56:00,High,Endpoint Security,Firewall,True,2026-03-10 13:39:00,CASE-0275
ALT-0430,A-005,AST-005,2026-02-05 12:09:00,Low,Endpoint Security,Firewall,True,2026-02-05 15:08:00,CASE-0270
ALT-0431,A-005,AST-005,2026-02-12 22:15:00,Low,Malware Detection,IDS,True,2026-02-13 00:21:00,CASE-0276
ALT-0432,A-005,AST-005,2026-02-08 09:17:00,Low,Authentication,EDR,True,2026-02-08 12:17:00,
ALT-0433,A-005,AST-005,2026-02-26 10:17:00,Low,Endpoint Security,SIEM,True,2026-02-26 12:56:00,CASE-0277
ALT-0434,A-005,AST-005,2026-02-22 23:31:00,Medium,Authentication,IAM,True,2026-02-23 01:11:00,CASE-0271
ALT-0435,A-005,AST-005,2026-03-06 12:08:00,Low,Data Access,SIEM,True,2026-03-06 14:27:00,CASE-0278
ALT-0436,A-005,AST-005,2026-01-26 01:15:00,Low,Malware Detection,EDR,True,2026-01-26 01:32:00,CASE-0279
ALT-0437,A-005,AST-005,2026-03-01 16:25:00,Low,Endpoint Security,SIEM,True,2026-03-01 17:01:00,CASE-0268
ALT-0438,A-005,AST-005,2026-03-18 14:11:00,Low,Privilege Escalation,IAM,False,,CASE-0274
ALT-0439,A-005,AST-005,2026-02-03 23:53:00,Low,Authentication,Firewall,True,2026-02-04 01:10:00,CASE-0280
ALT-0440,A-005,AST-005,2026-03-15 06:54:00,Low,Endpoint Security,EDR,True,2026-03-15 07:56:00,CASE-0281
ALT-0441,A-005,AST-005,2026-03-07 00:55:00,Medium,Authentication,Firewall,True,2026-03-07 03:54:00,CASE-0278
ALT-0442,A-005,AST-005,2026-03-18 00:14:00,Medium,Endpoint Security,IDS,True,2026-03-18 01:37:00,CASE-0282
ALT-0443,A-005,AST-005,2026-02-14 14:16:00,High,Endpoint Security,IAM,True,2026-02-14 15:38:00,CASE-0283
ALT-0444,A-005,AST-005,2026-01-01 16:42:00,Medium,Malware Detection,IAM,False,,CASE-0284
ALT-0445,A-005,AST-005,2026-01-14 15:04:00,Low,Endpoint Security,IDS,True,2026-01-14 16:19:00,CASE-0285
ALT-0446,A-005,AST-005,2026-03-25 09:12:00,Low,Authentication,IAM,True,2026-03-25 10:18:00,CASE-0286
ALT-0447,A-005,AST-005,2026-03-29 04:46:00,Medium,Malware Detection,IDS,True,2026-03-29 06:58:00,
ALT-0448,A-005,AST-005,2026-01-05 18:45:00,Medium,Network Anomaly,IDS,False,,
ALT-0449,A-005,AST-005,2026-03-23 15:58:00,Medium,Data Access,IDS,True,2026-03-23 17:34:00,CASE-0287
ALT-0450,A-005,AST-005,2026-03-13 05:18:00,High,Endpoint Security,IDS,True,2026-03-13 05:55:00,CASE-0288
ALT-0451,A-005,AST-005,2026-02-12 20:05:00,Critical,Endpoint Security,IDS,True,2026-02-12 21:07:00,CASE-0276
ALT-0452,A-005,AST-005,2026-02-12 11:16:00,High,Authentication,Firewall,True,2026-02-12 13:19:00,
ALT-0453,A-005,AST-005,2026-03-16 18:39:00,High,Data Access,SIEM,True,2026-03-16 19:33:00,CASE-0289
ALT-0454,A-005,AST-005,2026-02-22 01:55:00,Medium,Network Anomaly,IDS,True,2026-02-22 02:35:00,CASE-0290
ALT-0455,A-005,AST-005,2026-02-28 04:20:00,Critical,Authentication,Firewall,True,2026-02-28 05:11:00,CASE-0291
ALT-0456,A-005,AST-005,2026-01-23 10:40:00,Medium,Malware Detection,EDR,True,2026-01-23 12:40:00,
ALT-0457,A-005,AST-005,2026-01-21 15:50:00,Medium,Network Anomaly,IAM,True,2026-01-21 16:17:00,
ALT-0458,A-005,AST-005,2026-02-21 13:30:00,Medium,Data Access,EDR,True,2026-02-21 13:44:00,
ALT-0459,A-005,AST-005,2026-02-11 16:12:00,Critical,Endpoint Security,EDR,True,2026-02-11 16:18:00,CASE-0292
ALT-0460,A-005,AST-005,2026-02-14 09:08:00,Medium,Data Access,IDS,True,2026-02-14 11:21:00,CASE-0293
ALT-0461,A-005,AST-005,2026-01-06 09:18:00,Low,Data Access,IAM,True,2026-01-06 11:36:00,CASE-0294
ALT-0462,A-005,AST-005,2026-03-29 04:21:00,Medium,Privilege Escalation,IDS,False,,
ALT-0463,A-005,AST-005,2026-02-21 00:14:00,Low,Network Anomaly,SIEM,True,2026-02-21 00:52:00,CASE-0295
ALT-0464,A-005,AST-005,2026-03-25 01:24:00,Low,Data Access,IAM,True,2026-03-25 02:34:00,CASE-0286
ALT-0465,A-005,AST-005,2026-01-07 21:06:00,Medium,Authentication,SIEM,True,2026-01-07 21:16:00,CASE-0296
ALT-0466,A-005,AST-005,2026-01-16 17:16:00,Medium,Network Anomaly,SIEM,True,2026-01-16 18:00:00,CASE-0297
ALT-0467,A-005,AST-005,2026-01-13 21:33:00,Medium,Endpoint Security,EDR,True,2026-01-14 00:13:00,CASE-0298
ALT-0468,A-005,AST-005,2026-01-14 16:46:00,High,Authentication,SIEM,True,2026-01-14 18:03:00,CASE-0299
ALT-0469,A-005,AST-005,2026-01-26 08:53:00,Low,Malware Detection,Firewall,True,2026-01-26 09:49:00,CASE-0300
ALT-0470,A-005,AST-005,2026-03-12 15:58:00,Low,Malware Detection,EDR,True,2026-03-12 18:06:00,
ALT-0471,A-005,AST-005,2026-01-12 03:53:00,Low,Network Anomaly,SIEM,True,2026-01-12 06:04:00,CASE-0267
ALT-0472,A-005,AST-005,2026-01-13 08:41:00,High,Malware Detection,Firewall,True,2026-01-13 10:01:00,
ALT-0473,A-005,AST-005,2026-01-23 01:54:00,Low,Malware Detection,Firewall,True,2026-01-23 04:52:00,CASE-0301
ALT-0474,A-005,AST-005,2026-01-06 00:54:00,Low,Network Anomaly,IDS,True,2026-01-06 03:44:00,
ALT-0475,A-005,AST-005,2026-03-21 08:56:00,High,Malware Detection,EDR,True,2026-03-21 10:36:00,CASE-0302
ALT-0476,A-005,AST-005,2026-02-28 08:53:00,Medium,Privilege Escalation,EDR,True,2026-02-28 11:00:00,CASE-0303
ALT-0477,A-005,AST-005,2026-01-08 05:06:00,Low,Privilege Escalation,IAM,True,2026-01-08 07:42:00,
ALT-0478,A-005,AST-005,2026-02-18 11:39:00,Low,Endpoint Security,EDR,True,2026-02-18 14:39:00,CASE-0304
ALT-0479,A-005,AST-005,2026-01-15 13:28:00,Critical,Endpoint Security,IDS,True,2026-01-15 14:39:00,CASE-0285
ALT-0480,A-005,AST-005,2026-03-28 16:49:00,High,Network Anomaly,IDS,True,2026-03-28 19:18:00,CASE-0305
ALT-0481,A-005,AST-005,2026-02-01 15:22:00,Medium,Privilege Escalation,EDR,True,2026-02-01 18:11:00,CASE-0306
ALT-0482,A-005,AST-005,2026-01-21 16:54:00,Low,Network Anomaly,SIEM,True,2026-01-21 19:05:00,
ALT-0483,A-005,AST-005,2026-02-12 08:03:00,Low,Endpoint Security,Firewall,True,2026-02-12 10:28:00,CASE-0307
ALT-0484,A-005,AST-005,2026-01-11 14:28:00,High,Authentication,Firewall,True,2026-01-11 16:27:00,CASE-0308
ALT-0485,A-005,AST-005,2026-03-05 23:41:00,Low,Privilege Escalation,SIEM,True,2026-03-06 01:29:00,
ALT-0486,A-005,AST-005,2026-03-19 19:40:00,High,Data Access,EDR,True,2026-03-19 21:55:00,CASE-0256
ALT-0487,A-005,AST-005,2026-02-16 01:52:00,Critical,Malware Detection,IAM,True,2026-02-16 03:53:00,CASE-0309
ALT-0488,A-005,AST-005,2026-02-16 22:28:00,High,Network Anomaly,SIEM,True,2026-02-17 01:21:00,CASE-0310
ALT-0489,A-005,AST-005,2026-03-23 09:35:00,Low,Authentication,EDR,True,2026-03-23 10:07:00,CASE-0311
ALT-0490,A-005,AST-005,2026-02-22 03:16:00,Low,Authentication,Firewall,True,2026-02-22 04:09:00,
ALT-0491,A-005,AST-005,2026-01-25 22:21:00,Medium,Authentication,IAM,True,2026-01-26 00:12:00,
ALT-0492,A-005,AST-005,2026-02-27 14:42:00,High,Network Anomaly,Firewall,True,2026-02-27 16:56:00,CASE-0272
ALT-0493,A-005,AST-005,2026-01-07 17:59:00,Medium,Privilege Escalation,IAM,True,2026-01-07 20:33:00,CASE-0296
ALT-0494,A-005,AST-005,2026-01-23 23:52:00,Medium,Endpoint Security,IAM,True,2026-01-24 01:36:00,CASE-0301
ALT-0495,A-005,AST-005,2026-02-19 13:38:00,Medium,Malware Detection,Firewall,True,2026-02-19 14:46:00,
ALT-0496,A-005,AST-005,2026-02-27 04:08:00,Critical,Malware Detection,IAM,True,2026-02-27 06:24:00,CASE-0312
ALT-0497,A-005,AST-005,2026-03-12 20:13:00,High,Endpoint Security,IDS,True,2026-03-12 22:57:00,
ALT-0498,A-005,AST-005,2026-01-17 22:41:00,Critical,Network Anomaly,IAM,False,,CASE-0313
ALT-0499,A-005,AST-005,2026-02-15 17:30:00,High,Endpoint Security,Firewall,True,2026-02-15 20:25:00,CASE-0314
ALT-0500,A-005,AST-005,2026-02-24 00:33:00,High,Network Anomaly,SIEM,True,2026-02-24 02:15:00,CASE-0315
ALT-0501,A-006,AST-006,2026-01-21 09:43:00,Low,Endpoint Security,IDS,True,2026-01-21 10:03:00,CASE-0316
ALT-0502,A-006,AST-006,2026-01-05 11:52:00,High,Endpoint Security,IAM,True,2026-01-05 14:34:00,CASE-0317
ALT-0503,A-006,AST-006,2026-03-13 12:15:00,High,Endpoint Security,SIEM,True,2026-03-13 13:33:00,CASE-0318
ALT-0504,A-006,AST-006,2026-03-29 10:35:00,Low,Network Anomaly,IAM,True,2026-03-29 11:44:00,
ALT-0505,A-006,AST-006,2026-03-23 22:45:00,High,Data Access,IAM,True,2026-03-24 01:20:00,
ALT-0506,A-006,AST-006,2026-01-25 09:28:00,High,Authentication,EDR,True,2026-01-25 12:27:00,CASE-0319
ALT-0507,A-006,AST-006,2026-01-16 12:02:00,High,Malware Detection,EDR,True,2026-01-16 14:29:00,
ALT-0508,A-006,AST-006,2026-02-02 00:21:00,Medium,Authentication,EDR,True,2026-02-02 01:05:00,CASE-0320
ALT-0509,A-006,AST-006,2026-03-22 19:53:00,Medium,Data Access,IAM,True,2026-03-22 22:03:00,CASE-0321
ALT-0510,A-006,AST-006,2026-02-10 16:14:00,Low,Data Access,SIEM,False,,CASE-0322
ALT-0511,A-006,AST-006,2026-03-10 12:05:00,Medium,Endpoint Security,IDS,True,2026-03-10 13:04:00,
ALT-0512,A-006,AST-006,2026-01-28 19:33:00,Low,Endpoint Security,SIEM,True,2026-01-28 22:01:00,CASE-0323
ALT-0513,A-006,AST-006,2026-02-27 07:57:00,Medium,Network Anomaly,SIEM,True,2026-02-27 10:41:00,
ALT-0514,A-006,AST-006,2026-01-15 12:16:00,Low,Authentication,IAM,True,2026-01-15 13:33:00,CASE-0324
ALT-0515,A-006,AST-006,2026-03-07 14:31:00,Medium,Network Anomaly,IDS,True,2026-03-07 17:22:00,CASE-0325
ALT-0516,A-006,AST-006,2026-01-22 17:34:00,Critical,Network Anomaly,EDR,True,2026-01-22 17:55:00,CASE-0326
ALT-0517,A-006,AST-006,2026-01-27 17:53:00,High,Endpoint Security,SIEM,True,2026-01-27 19:49:00,CASE-0327
ALT-0518,A-006,AST-006,2026-02-12 01:05:00,Low,Malware Detection,IAM,True,2026-02-12 01:55:00,CASE-0328
ALT-0519,A-006,AST-006,2026-01-30 08:26:00,Medium,Privilege Escalation,Firewall,True,2026-01-30 11:12:00,CASE-0329
ALT-0520,A-006,AST-006,2026-03-28 03:34:00,Low,Authentication,IAM,True,2026-03-28 06:17:00,CASE-0330
ALT-0521,A-006,AST-006,2026-01-10 11:59:00,High,Endpoint Security,IDS,True,2026-01-10 13:18:00,CASE-0331
ALT-0522,A-006,AST-006,2026-02-26 12:25:00,Low,Privilege Escalation,EDR,True,2026-02-26 12:37:00,CASE-0332
ALT-0523,A-006,AST-006,2026-02-20 17:18:00,Low,Network Anomaly,IDS,False,,CASE-0333
ALT-0524,A-006,AST-006,2026-01-02 17:55:00,Critical,Authentication,SIEM,True,2026-01-02 18:31:00,CASE-0334
ALT-0525,A-006,AST-006,2026-01-11 09:13:00,Medium,Network Anomaly,Firewall,True,2026-01-11 10:46:00,
ALT-0526,A-006,AST-006,2026-01-29 19:53:00,Low,Network Anomaly,IAM,True,2026-01-29 20:27:00,CASE-0335
ALT-0527,A-006,AST-006,2026-03-12 14:41:00,High,Endpoint Security,SIEM,True,2026-03-12 16:00:00,CASE-0336
ALT-0528,A-006,AST-006,2026-03-16 15:21:00,Low,Endpoint Security,EDR,True,2026-03-16 18:17:00,CASE-0337
ALT-0529,A-006,AST-006,2026-01-09 06:20:00,Low,Data Access,IDS,True,2026-01-09 07:49:00,
ALT-0530,A-006,AST-006,2026-02-16 10:27:00,Medium,Network Anomaly,EDR,True,2026-02-16 11:52:00,CASE-0338
ALT-0531,A-006,AST-006,2026-02-16 04:43:00,Low,Privilege Escalation,Firewall,True,2026-02-16 06:50:00,CASE-0339
ALT-0532,A-006,AST-006,2026-03-04 17:06:00,High,Authentication,IDS,True,2026-03-04 19:46:00,CASE-0340
ALT-0533,A-006,AST-006,2026-01-26 08:46:00,High,Endpoint Security,SIEM,True,2026-01-26 09:10:00,CASE-0319
ALT-0534,A-006,AST-006,2026-03-22 00:52:00,High,Data Access,EDR,True,2026-03-22 02:40:00,CASE-0341
ALT-0535,A-006,AST-006,2026-03-11 17:30:00,Medium,Malware Detection,Firewall,True,2026-03-11 18:13:00,
ALT-0536,A-006,AST-006,2026-03-17 23:54:00,High,Data Access,IAM,True,2026-03-18 01:57:00,CASE-0342
ALT-0537,A-006,AST-006,2026-03-06 00:42:00,Low,Endpoint Security,EDR,True,2026-03-06 03:24:00,CASE-0343
ALT-0538,A-006,AST-006,2026-01-23 18:36:00,Medium,Endpoint Security,Firewall,True,2026-01-23 19:18:00,
ALT-0539,A-006,AST-006,2026-03-04 07:04:00,Low,Authentication,EDR,True,2026-03-04 08:08:00,CASE-0340
ALT-0540,A-006,AST-006,2026-02-28 01:02:00,Low,Malware Detection,SIEM,False,,
ALT-0541,A-006,AST-006,2026-02-03 18:34:00,High,Endpoint Security,Firewall,True,2026-02-03 20:15:00,CASE-0344
ALT-0542,A-006,AST-006,2026-01-10 16:16:00,Medium,Data Access,Firewall,True,2026-01-10 17:18:00,
ALT-0543,A-006,AST-006,2026-02-14 15:50:00,High,Authentication,IAM,True,2026-02-14 18:29:00,
ALT-0544,A-006,AST-006,2026-01-30 02:32:00,Medium,Network Anomaly,EDR,True,2026-01-30 03:31:00,
ALT-0545,A-006,AST-006,2026-01-16 21:14:00,Low,Endpoint Security,SIEM,True,2026-01-16 22:43:00,CASE-0345
ALT-0546,A-006,AST-006,2026-03-03 06:37:00,Medium,Authentication,EDR,True,2026-03-03 08:27:00,CASE-0346
ALT-0547,A-006,AST-006,2026-03-17 05:08:00,Low,Data Access,EDR,True,2026-03-17 05:23:00,CASE-0347
ALT-0548,A-006,AST-006,2026-01-24 16:25:00,Low,Endpoint Security,SIEM,True,2026-01-24 18:54:00,CASE-0348
ALT-0549,A-006,AST-006,2026-01-28 14:38:00,Critical,Privilege Escalation,EDR,False,,CASE-0349
ALT-0550,A-006,AST-006,2026-03-18 04:50:00,High,Data Access,IAM,True,2026-03-18 05:41:00,CASE-0350
ALT-0551,A-006,AST-006,2026-03-29 10:59:00,Low,Authentication,EDR,True,2026-03-29 13:35:00,CASE-0351
ALT-0552,A-006,AST-006,2026-01-14 00:12:00,Low,Endpoint Security,Firewall,True,2026-01-14 02:26:00,CASE-0352
ALT-0553,A-006,AST-006,2026-01-23 15:57:00,Medium,Data Access,IAM,True,2026-01-23 16:11:00,CASE-0353
ALT-0554,A-006,AST-006,2026-03-26 04:57:00,Low,Endpoint Security,Firewall,True,2026-03-26 05:02:00,CASE-0354
ALT-0555,A-006,AST-006,2026-01-06 22:33:00,Low,Privilege Escalation,IDS,True,2026-01-07 00:41:00,CASE-0355
ALT-0556,A-006,AST-006,2026-02-02 15:49:00,Medium,Malware Detection,IAM,True,2026-02-02 16:15:00,
ALT-0557,A-006,AST-006,2026-01-01 22:47:00,Low,Data Access,SIEM,True,2026-01-02 01:19:00,
ALT-0558,A-006,AST-006,2026-01-27 22:51:00,Low,Authentication,EDR,True,2026-01-28 00:28:00,CASE-0323
ALT-0559,A-006,AST-006,2026-02-02 08:54:00,Medium,Malware Detection,IAM,True,2026-02-02 11:23:00,CASE-0320
ALT-0560,A-006,AST-006,2026-02-20 06:26:00,Critical,Privilege Escalation,EDR,True,2026-02-20 08:53:00,CASE-0356
ALT-0561,A-006,AST-006,2026-03-03 08:19:00,Medium,Endpoint Security,EDR,True,2026-03-03 10:05:00,CASE-0357
ALT-0562,A-006,AST-006,2026-02-27 22:10:00,High,Privilege Escalation,IDS,True,2026-02-28 00:25:00,CASE-0358
ALT-0563,A-006,AST-006,2026-03-23 00:51:00,Low,Privilege Escalation,IAM,True,2026-03-23 01:33:00,
ALT-0564,A-006,AST-006,2026-02-03 07:23:00,Low,Endpoint Security,Firewall,True,2026-02-03 07:37:00,
ALT-0565,A-006,AST-006,2026-03-08 09:45:00,Medium,Authentication,EDR,False,,CASE-0359
ALT-0566,A-006,AST-006,2026-01-26 21:59:00,Medium,Network Anomaly,SIEM,True,2026-01-26 23:17:00,CASE-0360
ALT-0567,A-006,AST-006,2026-03-28 01:23:00,Medium,Network Anomaly,SIEM,True,2026-03-28 01:28:00,
ALT-0568,A-006,AST-006,2026-02-15 21:25:00,High,Data Access,SIEM,True,2026-02-15 22:21:00,CASE-0339
ALT-0569,A-006,AST-006,2026-03-12 09:46:00,Critical,Malware Detection,IDS,True,2026-03-12 12:20:00,
ALT-0570,A-006,AST-006,2026-01-25 14:59:00,Low,Malware Detection,EDR,True,2026-01-25 15:05:00,CASE-0361
ALT-0571,A-006,AST-006,2026-03-13 02:32:00,Medium,Data Access,IDS,True,2026-03-13 03:06:00,CASE-0362
ALT-0572,A-006,AST-006,2026-02-18 18:30:00,Medium,Privilege Escalation,Firewall,True,2026-02-18 20:01:00,
ALT-0573,A-006,AST-006,2026-02-03 02:24:00,Medium,Endpoint Security,EDR,True,2026-02-03 03:25:00,CASE-0363
ALT-0574,A-006,AST-006,2026-02-15 16:34:00,Medium,Network Anomaly,IDS,True,2026-02-15 17:46:00,CASE-0364
ALT-0575,A-006,AST-006,2026-02-13 02:35:00,Low,Malware Detection,IDS,True,2026-02-13 04:41:00,CASE-0365
ALT-0576,A-006,AST-006,2026-02-04 05:47:00,High,Privilege Escalation,EDR,True,2026-02-04 06:40:00,
ALT-0577,A-006,AST-006,2026-02-03 06:14:00,High,Data Access,IDS,True,2026-02-03 07:22:00,CASE-0366
ALT-0578,A-006,AST-006,2026-01-16 02:43:00,High,Privilege Escalation,IAM,False,,
ALT-0579,A-006,AST-006,2026-03-11 01:54:00,High,Malware Detection,Firewall,True,2026-03-11 04:37:00,CASE-0367
ALT-0580,A-006,AST-006,2026-03-07 08:25:00,Medium,Network Anomaly,SIEM,True,2026-03-07 10:57:00,CASE-0325
ALT-0581,A-006,AST-006,2026-03-11 01:32:00,Medium,Network Anomaly,Firewall,True,2026-03-11 04:32:00,CASE-0367
ALT-0582,A-006,AST-006,2026-02-28 10:44:00,Medium,Network Anomaly,Firewall,True,2026-02-28 13:41:00,CASE-0368
ALT-0583,A-006,AST-006,2026-03-20 08:11:00,Low,Malware Detection,Firewall,True,2026-03-20 09:16:00,CASE-0369
ALT-0584,A-006,AST-006,2026-03-05 13:13:00,Low,Malware Detection,Firewall,True,2026-03-05 14:53:00,CASE-0340
ALT-0585,A-006,AST-006,2026-03-15 04:36:00,Medium,Endpoint Security,IDS,True,2026-03-15 05:06:00,CASE-0370
ALT-0586,A-006,AST-006,2026-02-18 06:09:00,Medium,Privilege Escalation,SIEM,True,2026-02-18 06:52:00,CASE-0371
ALT-0587,A-006,AST-006,2026-01-18 20:33:00,Medium,Privilege Escalation,IDS,True,2026-01-18 21:58:00,CASE-0372
ALT-0588,A-006,AST-006,2026-03-14 01:25:00,Medium,Authentication,EDR,True,2026-03-14 02:11:00,CASE-0362
ALT-0589,A-006,AST-006,2026-03-22 03:28:00,Medium,Malware Detection,IDS,True,2026-03-22 04:39:00,
ALT-0590,A-006,AST-006,2026-02-22 03:22:00,Low,Network Anomaly,IAM,True,2026-02-22 06:02:00,CASE-0373
ALT-0591,A-006,AST-006,2026-02-06 11:20:00,Critical,Endpoint Security,Firewall,True,2026-02-06 13:29:00,CASE-0374
ALT-0592,A-006,AST-006,2026-02-06 14:40:00,Low,Network Anomaly,IDS,False,,CASE-0375
ALT-0593,A-006,AST-006,2026-03-15 12:54:00,Medium,Network Anomaly,IDS,True,2026-03-15 13:19:00,CASE-0376
ALT-0594,A-006,AST-006,2026-03-25 09:45:00,Low,Privilege Escalation,IDS,True,2026-03-25 12:35:00,CASE-0377
ALT-0595,A-006,AST-006,2026-02-16 23:37:00,High,Privilege Escalation,EDR,True,2026-02-17 01:37:00,
ALT-0596,A-006,AST-006,2026-01-17 23:15:00,High,Network Anomaly,EDR,True,2026-01-17 23:40:00,
ALT-0597,A-006,AST-006,2026-01-09 15:35:00,Low,Data Access,SIEM,True,2026-01-09 17:21:00,CASE-0378
ALT-0598,A-006,AST-006,2026-01-20 02:41:00,Low,Malware Detection,EDR,True,2026-01-20 04:25:00,CASE-0379
ALT-0599,A-006,AST-006,2026-02-26 20:08:00,High,Authentication,SIEM,True,2026-02-26 20:56:00,CASE-0380
ALT-0600,A-006,AST-006,2026-02-11 15:29:00,High,Data Access,IDS,False,,CASE-0322
ALT-0601,A-007,AST-007,2026-03-31 17:11:00,Low,Endpoint Security,IAM,True,2026-03-31 19:12:00,CASE-0381
ALT-0602,A-007,AST-007,2026-03-23 17:19:00,Medium,Data Access,EDR,True,2026-03-23 19:27:00,
ALT-0603,A-007,AST-007,2026-02-16 13:16:00,Medium,Authentication,IAM,True,2026-02-16 13:23:00,CASE-0382
ALT-0604,A-007,AST-007,2026-03-02 17:00:00,Low,Privilege Escalation,IDS,True,2026-03-02 19:10:00,CASE-0383
ALT-0605,A-007,AST-007,2026-02-07 19:14:00,High,Malware Detection,EDR,True,2026-02-07 21:39:00,
ALT-0606,A-007,AST-007,2026-02-25 12:15:00,High,Privilege Escalation,Firewall,True,2026-02-25 15:05:00,CASE-0384
ALT-0607,A-007,AST-007,2026-02-24 20:15:00,Low,Endpoint Security,IDS,True,2026-02-24 22:56:00,CASE-0385
ALT-0608,A-007,AST-007,2026-03-10 08:26:00,Medium,Network Anomaly,EDR,True,2026-03-10 08:48:00,CASE-0386
ALT-0609,A-007,AST-007,2026-02-28 19:28:00,Low,Privilege Escalation,EDR,True,2026-02-28 22:12:00,
ALT-0610,A-007,AST-007,2026-01-07 17:01:00,Low,Malware Detection,IDS,True,2026-01-07 17:32:00,CASE-0387
ALT-0611,A-007,AST-007,2026-01-02 07:05:00,High,Network Anomaly,IDS,True,2026-01-02 09:16:00,
ALT-0612,A-007,AST-007,2026-03-05 11:29:00,Low,Malware Detection,SIEM,True,2026-03-05 11:42:00,CASE-0388
ALT-0613,A-007,AST-007,2026-02-20 02:34:00,Low,Malware Detection,Firewall,True,2026-02-20 03:28:00,
ALT-0614,A-007,AST-007,2026-02-01 12:49:00,Low,Network Anomaly,SIEM,False,,CASE-0389
ALT-0615,A-007,AST-007,2026-01-13 16:42:00,Medium,Privilege Escalation,Firewall,False,,CASE-0390
ALT-0616,A-007,AST-007,2026-01-21 20:46:00,Critical,Data Access,SIEM,True,2026-01-21 23:11:00,CASE-0391
ALT-0617,A-007,AST-007,2026-02-08 06:23:00,Medium,Network Anomaly,SIEM,True,2026-02-08 09:18:00,CASE-0392
ALT-0618,A-007,AST-007,2026-02-11 00:10:00,Medium,Authentication,Firewall,True,2026-02-11 02:44:00,CASE-0393
ALT-0619,A-007,AST-007,2026-01-06 18:50:00,Low,Network Anomaly,IDS,True,2026-01-06 21:27:00,CASE-0387
ALT-0620,A-007,AST-007,2026-03-05 02:43:00,Low,Authentication,SIEM,True,2026-03-05 05:28:00,CASE-0394
ALT-0621,A-007,AST-007,2026-03-31 17:50:00,Medium,Network Anomaly,IDS,True,2026-03-31 19:59:00,CASE-0395
ALT-0622,A-007,AST-007,2026-02-26 23:12:00,High,Malware Detection,EDR,True,2026-02-27 00:53:00,CASE-0396
ALT-0623,A-007,AST-007,2026-03-04 22:28:00,High,Endpoint Security,Firewall,True,2026-03-05 00:51:00,
ALT-0624,A-007,AST-007,2026-03-11 11:20:00,Medium,Data Access,IAM,True,2026-03-11 12:35:00,CASE-0397
ALT-0625,A-007,AST-007,2026-01-20 14:18:00,Low,Malware Detection,Firewall,True,2026-01-20 16:41:00,CASE-0398
ALT-0626,A-007,AST-007,2026-03-06 12:46:00,High,Data Access,IDS,True,2026-03-06 12:55:00,
ALT-0627,A-007,AST-007,2026-01-09 21:34:00,Low,Data Access,Firewall,True,2026-01-09 22:27:00,CASE-0399
ALT-0628,A-007,AST-007,2026-02-11 13:41:00,Medium,Data Access,SIEM,True,2026-02-11 14:10:00,CASE-0400
ALT-0629,A-007,AST-007,2026-01-17 05:55:00,High,Privilege Escalation,EDR,True,2026-01-17 06:27:00,CASE-0401
ALT-0630,A-007,AST-007,2026-03-24 12:42:00,Low,Endpoint Security,IAM,True,2026-03-24 15:26:00,CASE-0402
ALT-0631,A-007,AST-007,2026-01-29 19:45:00,Low,Endpoint Security,Firewall,True,2026-01-29 20:43:00,
ALT-0632,A-007,AST-007,2026-03-23 01:23:00,Medium,Malware Detection,SIEM,True,2026-03-23 03:14:00,
ALT-0633,A-007,AST-007,2026-01-10 09:04:00,Medium,Authentication,SIEM,True,2026-01-10 11:21:00,
ALT-0634,A-007,AST-007,2026-01-25 06:33:00,Medium,Endpoint Security,EDR,True,2026-01-25 09:03:00,
ALT-0635,A-007,AST-007,2026-03-23 18:22:00,High,Privilege Escalation,SIEM,True,2026-03-23 21:17:00,CASE-0402
ALT-0636,A-007,AST-007,2026-03-12 12:32:00,High,Data Access,IAM,True,2026-03-12 13:17:00,CASE-0403
ALT-0637,A-007,AST-007,2026-02-10 17:20:00,Critical,Endpoint Security,Firewall,True,2026-02-10 19:10:00,CASE-0404
ALT-0638,A-007,AST-007,2026-03-14 17:13:00,Medium,Endpoint Security,IDS,True,2026-03-14 19:38:00,CASE-0405
ALT-0639,A-007,AST-007,2026-02-27 12:00:00,Critical,Data Access,SIEM,True,2026-02-27 13:17:00,CASE-0406
ALT-0640,A-007,AST-007,2026-02-08 00:19:00,Critical,Network Anomaly,IDS,False,,
ALT-0641,A-007,AST-007,2026-03-30 08:58:00,High,Data Access,IAM,True,2026-03-30 11:25:00,CASE-0407
ALT-0642,A-007,AST-007,2026-02-28 11:09:00,Low,Data Access,EDR,True,2026-02-28 12:47:00,CASE-0408
ALT-0643,A-007,AST-007,2026-02-08 02:36:00,Low,Endpoint Security,SIEM,True,2026-02-08 03:36:00,CASE-0409
ALT-0644,A-007,AST-007,2026-01-23 15:52:00,High,Authentication,IAM,True,2026-01-23 18:24:00,
ALT-0645,A-007,AST-007,2026-03-15 12:05:00,Low,Malware Detection,Firewall,True,2026-03-15 13:35:00,CASE-0405
ALT-0646,A-007,AST-007,2026-01-16 07:47:00,Critical,Authentication,Firewall,True,2026-01-16 10:26:00,CASE-0410
ALT-0647,A-007,AST-007,2026-01-06 10:34:00,Low,Data Access,EDR,True,2026-01-06 12:02:00,CASE-0411
ALT-0648,A-007,AST-007,2026-02-20 14:48:00,Low,Authentication,EDR,True,2026-02-20 17:02:00,CASE-0412
ALT-0649,A-007,AST-007,2026-02-20 04:08:00,Low,Data Access,SIEM,True,2026-02-20 06:14:00,CASE-0413
ALT-0650,A-007,AST-007,2026-02-21 16:27:00,Low,Network Anomaly,Firewall,True,2026-02-21 17:05:00,
ALT-0651,A-007,AST-007,2026-03-25 18:12:00,Medium,Network Anomaly,EDR,True,2026-03-25 20:31:00,
ALT-0652,A-007,AST-007,2026-02-25 10:43:00,Low,Authentication,Firewall,True,2026-02-25 11:10:00,CASE-0384
ALT-0653,A-007,AST-007,2026-01-25 10:22:00,Low,Malware Detection,EDR,True,2026-01-25 10:33:00,CASE-0414
ALT-0654,A-007,AST-007,2026-02-26 19:09:00,Medium,Network Anomaly,IDS,True,2026-02-26 20:13:00,CASE-0406
ALT-0655,A-007,AST-007,2026-01-11 03:47:00,High,Network Anomaly,IDS,True,2026-01-11 06:30:00,CASE-0415
ALT-0656,A-007,AST-007,2026-01-15 09:28:00,Low,Network Anomaly,IAM,True,2026-01-15 10:57:00,CASE-0416
ALT-0657,A-007,AST-007,2026-03-08 08:35:00,Low,Endpoint Security,SIEM,True,2026-03-08 09:16:00,CASE-0417
ALT-0658,A-007,AST-007,2026-03-26 16:02:00,Medium,Malware Detection,EDR,True,2026-03-26 16:22:00,
ALT-0659,A-007,AST-007,2026-03-25 00:04:00,Low,Endpoint Security,IDS,True,2026-03-25 01:18:00,
ALT-0660,A-007,AST-007,2026-03-25 12:14:00,Low,Data Access,SIEM,False,,
ALT-0661,A-007,AST-007,2026-03-18 17:05:00,Medium,Privilege Escalation,IAM,True,2026-03-18 19:18:00,CASE-0418
ALT-0662,A-007,AST-007,2026-03-09 09:21:00,Low,Authentication,IDS,True,2026-03-09 10:06:00,
ALT-0663,A-007,AST-007,2026-02-08 07:32:00,Low,Endpoint Security,IDS,True,2026-02-08 07:52:00,CASE-0392
ALT-0664,A-007,AST-007,2026-01-04 17:17:00,High,Privilege Escalation,EDR,True,2026-01-04 18:49:00,CASE-0419
ALT-0665,A-007,AST-007,2026-03-08 21:39:00,High,Network Anomaly,Firewall,True,2026-03-09 00:39:00,CASE-0417
ALT-0666,A-007,AST-007,2026-02-24 09:58:00,Medium,Data Access,EDR,True,2026-02-24 11:57:00,CASE-0420
ALT-0667,A-007,AST-007,2026-03-16 17:43:00,Medium,Malware Detection,IAM,True,2026-03-16 18:23:00,CASE-0421
ALT-0668,A-007,AST-007,2026-01-19 20:59:00,Medium,Malware Detection,SIEM,True,2026-01-19 21:44:00,
ALT-0669,A-007,AST-007,2026-01-19 23:01:00,Low,Privilege Escalation,IDS,True,2026-01-20 00:51:00,CASE-0422
ALT-0670,A-007,AST-007,2026-03-23 23:17:00,High,Authentication,EDR,True,2026-03-24 00:10:00,
ALT-0671,A-007,AST-007,2026-03-20 19:17:00,Low,Network Anomaly,IAM,True,2026-03-20 21:58:00,
ALT-0672,A-007,AST-007,2026-01-04 11:05:00,Low,Network Anomaly,IAM,True,2026-01-04 13:12:00,CASE-0423
ALT-0673,A-007,AST-007,2026-02-17 05:54:00,High,Network Anomaly,EDR,True,2026-02-17 08:00:00,
ALT-0674,A-007,AST-007,2026-02-22 00:59:00,Low,Network Anomaly,EDR,True,2026-02-22 02:49:00,
ALT-0675,A-007,AST-007,2026-02-26 19:31:00,Low,Network Anomaly,Firewall,True,2026-02-26 21:33:00,CASE-0424
ALT-0676,A-007,AST-007,2026-03-19 23:52:00,High,Privilege Escalation,IAM,True,2026-03-20 01:17:00,CASE-0425
ALT-0677,A-007,AST-007,2026-02-27 14:52:00,Medium,Data Access,IAM,True,2026-02-27 15:59:00,CASE-0408
ALT-0678,A-007,AST-007,2026-01-06 17:24:00,Critical,Authentication,EDR,True,2026-01-06 20:10:00,CASE-0426
ALT-0679,A-007,AST-007,2026-02-08 09:29:00,Medium,Data Access,SIEM,True,2026-02-08 10:49:00,CASE-0392
ALT-0680,A-007,AST-007,2026-03-24 14:05:00,Medium,Network Anomaly,IAM,True,2026-03-24 14:38:00,CASE-0427
ALT-0681,A-007,AST-007,2026-02-11 14:01:00,Low,Endpoint Security,EDR,True,2026-02-11 16:37:00,CASE-0428
ALT-0682,A-007,AST-007,2026-02-11 22:41:00,Low,Endpoint Security,SIEM,True,2026-02-11 23:27:00,
ALT-0683,A-007,AST-007,2026-02-27 20:23:00,Low,Endpoint Security,IAM,True,2026-02-27 22:06:00,CASE-0408
ALT-0684,A-007,AST-007,2026-02-18 01:49:00,Low,Data Access,EDR,True,2026-02-18 03:19:00,CASE-0429
ALT-0685,A-007,AST-007,2026-01-23 22:03:00,High,Endpoint Security,Firewall,True,2026-01-23 23:27:00,CASE-0430
ALT-0686,A-007,AST-007,2026-01-16 04:12:00,Medium,Authentication,Firewall,True,2026-01-16 05:21:00,
ALT-0687,A-007,AST-007,2026-03-11 00:38:00,High,Network Anomaly,IAM,True,2026-03-11 01:43:00,CASE-0386
ALT-0688,A-007,AST-007,2026-02-26 02:38:00,Medium,Data Access,IDS,True,2026-02-26 03:45:00,
ALT-0689,A-007,AST-007,2026-01-19 01:41:00,Low,Authentication,IAM,True,2026-01-19 02:23:00,CASE-0422
ALT-0690,A-007,AST-007,2026-01-12 01:06:00,Low,Network Anomaly,IDS,True,2026-01-12 01:56:00,CASE-0431
ALT-0691,A-007,AST-007,2026-03-16 11:59:00,Critical,Malware Detection,IDS,True,2026-03-16 13:20:00,
ALT-0692,A-007,AST-007,2026-02-24 17:04:00,High,Authentication,IDS,True,2026-02-24 17:43:00,CASE-0384
ALT-0693,A-007,AST-007,2026-03-09 06:44:00,Medium,Authentication,IAM,True,2026-03-09 07:03:00,CASE-0432
ALT-0694,A-007,AST-007,2026-03-30 19:59:00,Medium,Privilege Escalation,IAM,True,2026-03-30 21:17:00,CASE-0433
ALT-0695,A-007,AST-007,2026-03-15 19:22:00,Low,Data Access,Firewall,True,2026-03-15 22:04:00,
ALT-0696,A-007,AST-007,2026-01-24 19:14:00,Medium,Authentication,SIEM,True,2026-01-24 20:08:00,CASE-0430
ALT-0697,A-007,AST-007,2026-01-16 23:54:00,Medium,Privilege Escalation,Firewall,True,2026-01-17 02:36:00,CASE-0401
ALT-0698,A-007,AST-007,2026-03-13 20:13:00,Low,Endpoint Security,IDS,True,2026-03-13 21:09:00,CASE-0434
ALT-0699,A-007,AST-007,2026-02-09 09:32:00,High,Authentication,IDS,True,2026-02-09 09:38:00,
ALT-0700,A-007,AST-007,2026-03-14 19:01:00,Low,Malware Detection,IDS,True,2026-03-14 19:55:00,CASE-0435
ALT-0701,A-008,AST-008,2026-01-05 20:08:00,Critical,Privilege Escalation,IAM,True,2026-01-05 22:53:00,CASE-0436
ALT-0702,A-008,AST-008,2026-02-22 23:03:00,Medium,Data Access,IDS,True,2026-02-23 00:24:00,CASE-0437
ALT-0703,A-008,AST-008,2026-03-29 10:51:00,Low,Authentication,EDR,True,2026-03-29 12:26:00,CASE-0438
ALT-0704,A-008,AST-008,2026-02-13 12:40:00,High,Data Access,IAM,True,2026-02-13 13:27:00,CASE-0439
ALT-0705,A-008,AST-008,2026-01-15 09:45:00,Low,Malware Detection,Firewall,True,2026-01-15 09:58:00,CASE-0440
ALT-0706,A-008,AST-008,2026-01-31 11:28:00,Medium,Network Anomaly,IAM,True,2026-01-31 12:50:00,
ALT-0707,A-008,AST-008,2026-02-17 01:49:00,Low,Privilege Escalation,IAM,True,2026-02-17 02:17:00,
ALT-0708,A-008,AST-008,2026-03-06 04:12:00,High,Endpoint Security,IAM,True,2026-03-06 06:20:00,CASE-0441
ALT-0709,A-008,AST-008,2026-01-19 03:52:00,High,Data Access,EDR,False,,CASE-0442
ALT-0710,A-008,AST-008,2026-02-28 12:45:00,High,Authentication,IDS,True,2026-02-28 13:19:00,
ALT-0711,A-008,AST-008,2026-03-18 02:21:00,Medium,Authentication,IAM,True,2026-03-18 02:37:00,
ALT-0712,A-008,AST-008,2026-02-09 20:57:00,Low,Network Anomaly,IDS,True,2026-02-09 21:53:00,CASE-0443
ALT-0713,A-008,AST-008,2026-02-26 21:07:00,Medium,Malware Detection,SIEM,True,2026-02-26 21:52:00,CASE-0444
ALT-0714,A-008,AST-008,2026-03-13 16:06:00,Critical,Data Access,IDS,True,2026-03-13 17:40:00,CASE-0445
ALT-0715,A-008,AST-008,2026-02-06 18:15:00,Low,Data Access,IDS,True,2026-02-06 19:39:00,
ALT-0716,A-008,AST-008,2026-01-04 15:57:00,Low,Privilege Escalation,SIEM,True,2026-01-04 16:29:00,
ALT-0717,A-008,AST-008,2026-01-23 22:38:00,Medium,Endpoint Security,Firewall,True,2026-01-24 01:24:00,
ALT-0718,A-008,AST-008,2026-01-26 22:48:00,Low,Authentication,Firewall,True,2026-01-27 01:09:00,
ALT-0719,A-008,AST-008,2026-03-31 14:06:00,Low,Endpoint Security,Firewall,True,2026-03-31 17:06:00,CASE-0446
ALT-0720,A-008,AST-008,2026-01-29 04:55:00,Low,Malware Detection,Firewall,True,2026-01-29 06:06:00,CASE-0447
ALT-0721,A-008,AST-008,2026-03-27 10:50:00,Medium,Privilege Escalation,Firewall,True,2026-03-27 12:18:00,CASE-0448
ALT-0722,A-008,AST-008,2026-01-15 11:30:00,Low,Malware Detection,IDS,True,2026-01-15 12:18:00,CASE-0449
ALT-0723,A-008,AST-008,2026-02-21 22:50:00,Medium,Endpoint Security,SIEM,True,2026-02-22 01:17:00,CASE-0450
ALT-0724,A-008,AST-008,2026-02-21 18:26:00,Medium,Data Access,EDR,True,2026-02-21 19:33:00,
ALT-0725,A-008,AST-008,2026-02-13 06:52:00,Low,Privilege Escalation,IAM,True,2026-02-13 08:47:00,CASE-0451
ALT-0726,A-008,AST-008,2026-01-31 05:42:00,Medium,Privilege Escalation,SIEM,True,2026-01-31 08:13:00,CASE-0452
ALT-0727,A-008,AST-008,2026-01-13 14:11:00,Low,Authentication,IAM,True,2026-01-13 15:59:00,CASE-0453
ALT-0728,A-008,AST-008,2026-03-18 12:20:00,Medium,Authentication,SIEM,True,2026-03-18 15:14:00,CASE-0454
ALT-0729,A-008,AST-008,2026-03-16 20:51:00,High,Endpoint Security,EDR,True,2026-03-16 21:33:00,
ALT-0730,A-008,AST-008,2026-02-19 19:36:00,Medium,Endpoint Security,IDS,True,2026-02-19 20:33:00,CASE-0455
ALT-0731,A-008,AST-008,2026-03-28 09:58:00,Medium,Endpoint Security,IDS,True,2026-03-28 11:54:00,CASE-0448
ALT-0732,A-008,AST-008,2026-03-20 16:25:00,Medium,Authentication,IDS,True,2026-03-20 17:45:00,CASE-0456
ALT-0733,A-008,AST-008,2026-03-13 11:07:00,Low,Network Anomaly,Firewall,True,2026-03-13 11:19:00,
ALT-0734,A-008,AST-008,2026-02-18 12:24:00,Medium,Endpoint Security,EDR,True,2026-02-18 13:23:00,CASE-0457
ALT-0735,A-008,AST-008,2026-03-13 12:53:00,Low,Network Anomaly,IDS,True,2026-03-13 14:44:00,CASE-0458
ALT-0736,A-008,AST-008,2026-01-10 20:01:00,Low,Endpoint Security,Firewall,True,2026-01-10 22:10:00,CASE-0459
ALT-0737,A-008,AST-008,2026-03-24 13:55:00,Low,Privilege Escalation,IAM,True,2026-03-24 16:34:00,CASE-0460
ALT-0738,A-008,AST-008,2026-02-24 17:52:00,Medium,Network Anomaly,EDR,True,2026-02-24 19:27:00,CASE-0461
ALT-0739,A-008,AST-008,2026-03-15 15:54:00,Medium,Malware Detection,Firewall,True,2026-03-15 18:07:00,CASE-0462
ALT-0740,A-008,AST-008,2026-01-05 18:30:00,Low,Data Access,Firewall,True,2026-01-05 19:03:00,
ALT-0741,A-008,AST-008,2026-03-09 08:29:00,Low,Data Access,SIEM,True,2026-03-09 10:47:00,
ALT-0742,A-008,AST-008,2026-03-26 21:04:00,Medium,Data Access,IDS,True,2026-03-26 23:27:00,
ALT-0743,A-008,AST-008,2026-03-10 00:30:00,Critical,Data Access,IDS,True,2026-03-10 02:35:00,CASE-0463
ALT-0744,A-008,AST-008,2026-02-07 09:10:00,Low,Endpoint Security,IDS,True,2026-02-07 11:47:00,CASE-0464
ALT-0745,A-008,AST-008,2026-03-02 18:10:00,Low,Malware Detection,IAM,True,2026-03-02 21:03:00,
ALT-0746,A-008,AST-008,2026-01-11 04:32:00,Low,Malware Detection,EDR,True,2026-01-11 05:48:00,CASE-0465
ALT-0747,A-008,AST-008,2026-02-02 00:47:00,Low,Data Access,EDR,True,2026-02-02 01:36:00,
ALT-0748,A-008,AST-008,2026-01-23 08:50:00,Low,Network Anomaly,IAM,True,2026-01-23 10:59:00,CASE-0466
ALT-0749,A-008,AST-008,2026-01-11 04:38:00,Low,Privilege Escalation,Firewall,True,2026-01-11 05:22:00,CASE-0467
ALT-0750,A-008,AST-008,2026-02-26 23:40:00,Low,Endpoint Security,IDS,True,2026-02-27 02:12:00,
ALT-0751,A-008,AST-008,2026-01-15 01:10:00,Medium,Malware Detection,Firewall,True,2026-01-15 03:16:00,
ALT-0752,A-008,AST-008,2026-02-19 15:16:00,Low,Authentication,IDS,True,2026-02-19 17:12:00,CASE-0455
ALT-0753,A-008,AST-008,2026-02-10 16:43:00,Low,Authentication,IAM,False,,
ALT-0754,A-008,AST-008,2026-02-25 19:58:00,Critical,Malware Detection,IDS,True,2026-02-25 21:12:00,
ALT-0755,A-008,AST-008,2026-02-02 20:37:00,High,Endpoint Security,EDR,True,2026-02-02 23:34:00,CASE-0468
ALT-0756,A-008,AST-008,2026-03-28 22:11:00,Medium,Endpoint Security,SIEM,True,2026-03-28 22:18:00,CASE-0438
ALT-0757,A-008,AST-008,2026-01-13 16:06:00,Low,Network Anomaly,IDS,True,2026-01-13 17:40:00,
ALT-0758,A-008,AST-008,2026-01-04 19:05:00,Low,Endpoint Security,EDR,True,2026-01-04 21:42:00,
ALT-0759,A-008,AST-008,2026-01-16 02:54:00,High,Endpoint Security,IAM,True,2026-01-16 04:35:00,CASE-0440
ALT-0760,A-008,AST-008,2026-03-31 05:16:00,High,Authentication,Firewall,True,2026-03-31 08:10:00,CASE-0469
ALT-0761,A-008,AST-008,2026-03-30 21:49:00,High,Network Anomaly,SIEM,True,2026-03-30 22:59:00,
ALT-0762,A-008,AST-008,2026-02-18 12:21:00,High,Malware Detection,IDS,False,,CASE-0470
ALT-0763,A-008,AST-008,2026-03-04 06:39:00,Medium,Privilege Escalation,SIEM,True,2026-03-04 09:29:00,
ALT-0764,A-008,AST-008,2026-02-25 06:39:00,Medium,Endpoint Security,IDS,True,2026-02-25 08:37:00,
ALT-0765,A-008,AST-008,2026-01-10 18:46:00,Low,Authentication,Firewall,True,2026-01-10 20:45:00,CASE-0471
ALT-0766,A-008,AST-008,2026-01-01 01:42:00,Medium,Endpoint Security,IDS,True,2026-01-01 02:25:00,CASE-0472
ALT-0767,A-008,AST-008,2026-03-07 22:49:00,Medium,Privilege Escalation,SIEM,True,2026-03-08 00:45:00,CASE-0473
ALT-0768,A-008,AST-008,2026-03-30 15:07:00,Low,Malware Detection,IDS,True,2026-03-30 16:43:00,CASE-0474
ALT-0769,A-008,AST-008,2026-03-24 02:23:00,Low,Authentication,Firewall,True,2026-03-24 03:55:00,CASE-0475
ALT-0770,A-008,AST-008,2026-01-23 17:02:00,Medium,Endpoint Security,EDR,False,,
ALT-0771,A-008,AST-008,2026-01-14 20:44:00,Medium,Endpoint Security,Firewall,True,2026-01-14 21:10:00,
ALT-0772,A-008,AST-008,2026-01-25 00:46:00,Low,Network Anomaly,Firewall,False,,CASE-0476
ALT-0773,A-008,AST-008,2026-03-11 20:19:00,Low,Authentication,SIEM,True,2026-03-11 22:19:00,CASE-0477
ALT-0774,A-008,AST-008,2026-01-06 12:07:00,Low,Endpoint Security,IAM,True,2026-01-06 14:59:00,CASE-0478
ALT-0775,A-008,AST-008,2026-03-10 04:47:00,Critical,Authentication,EDR,True,2026-03-10 05:10:00,CASE-0479
ALT-0776,A-008,AST-008,2026-03-02 19:02:00,Medium,Network Anomaly,SIEM,True,2026-03-02 21:53:00,CASE-0480
ALT-0777,A-008,AST-008,2026-02-09 03:29:00,Medium,Authentication,SIEM,True,2026-02-09 06:05:00,
ALT-0778,A-008,AST-008,2026-03-20 07:04:00,Medium,Malware Detection,Firewall,True,2026-03-20 08:58:00,CASE-0456
ALT-0779,A-008,AST-008,2026-03-29 18:34:00,Low,Authentication,IAM,True,2026-03-29 19:33:00,
ALT-0780,A-008,AST-008,2026-01-16 08:09:00,Low,Endpoint Security,IDS,True,2026-01-16 08:57:00,CASE-0481
ALT-0781,A-008,AST-008,2026-03-16 01:08:00,Medium,Data Access,Firewall,True,2026-03-16 03:54:00,CASE-0482
ALT-0782,A-008,AST-008,2026-03-04 02:00:00,Low,Endpoint Security,IAM,True,2026-03-04 02:27:00,CASE-0483
ALT-0783,A-008,AST-008,2026-03-02 22:08:00,Medium,Malware Detection,IAM,True,2026-03-03 00:56:00,
ALT-0784,A-008,AST-008,2026-01-23 19:44:00,Medium,Endpoint Security,Firewall,True,2026-01-23 20:35:00,CASE-0484
ALT-0785,A-008,AST-008,2026-02-08 11:26:00,Medium,Network Anomaly,SIEM,True,2026-02-08 12:31:00,CASE-0485
ALT-0786,A-008,AST-008,2026-03-11 16:14:00,Medium,Endpoint Security,EDR,True,2026-03-11 18:59:00,CASE-0486
ALT-0787,A-008,AST-008,2026-01-15 04:43:00,Low,Privilege Escalation,EDR,True,2026-01-15 06:49:00,
ALT-0788,A-008,AST-008,2026-01-06 01:41:00,Medium,Privilege Escalation,IDS,True,2026-01-06 02:39:00,
ALT-0789,A-008,AST-008,2026-02-28 01:06:00,Medium,Network Anomaly,EDR,True,2026-02-28 03:28:00,CASE-0487
ALT-0790,A-008,AST-008,2026-01-15 02:57:00,Medium,Data Access,IAM,True,2026-01-15 04:55:00,CASE-0449
ALT-0791,A-008,AST-008,2026-03-28 10:14:00,Medium,Network Anomaly,SIEM,True,2026-03-28 11:42:00,
ALT-0792,A-008,AST-008,2026-01-26 12:57:00,High,Data Access,Firewall,True,2026-01-26 15:02:00,CASE-0488
ALT-0793,A-008,AST-008,2026-01-19 06:59:00,High,Privilege Escalation,IDS,True,2026-01-19 07:49:00,CASE-0442
ALT-0794,A-008,AST-008,2026-01-25 20:22:00,Medium,Network Anomaly,IDS,False,,CASE-0488
ALT-0795,A-008,AST-008,2026-03-14 01:17:00,Low,Privilege Escalation,Firewall,True,2026-03-14 03:21:00,CASE-0458
ALT-0796,A-008,AST-008,2026-01-29 09:38:00,High,Data Access,EDR,True,2026-01-29 12:26:00,
ALT-0797,A-008,AST-008,2026-03-08 15:55:00,Low,Data Access,Firewall,False,,CASE-0473
ALT-0798,A-008,AST-008,2026-02-24 23:55:00,Low,Privilege Escalation,IAM,True,2026-02-25 01:23:00,
ALT-0799,A-008,AST-008,2026-03-17 04:58:00,High,Privilege Escalation,SIEM,True,2026-03-17 05:04:00,CASE-0489
ALT-0800,A-008,AST-008,2026-03-06 01:27:00,Critical,Endpoint Security,SIEM,True,2026-03-06 03:34:00,
