case_id,assessment_id,case_created_time,priority,status,disposition,closure_time,closure_reason
CASE-0001,A-001,2026-03-31 17:26:00,High,In Progress,False Positive,,
CASE-0002,A-001,2026-02-13 08:09:00,Medium,Closed,False Positive,2026-02-14 20:09:00,Resolved
CASE-0003,A-001,2026-02-14 19:16:00,Low,Open,Needs Review,,
CASE-0004,A-001,2026-02-07 20:39:00,Low,Closed,True Positive,2026-02-08 03:39:00,Contained
CASE-0005,A-001,2026-01-30 09:05:00,Low,Closed,Benign,2026-02-01 20:05:00,Resolved
CASE-0006,A-001,2026-02-16 05:23:00,Medium,Closed,False Positive,2026-02-17 02:23:00,Resolved
CASE-0007,A-001,2026-02-01 05:29:00,Medium,Closed,False Positive,2026-02-03 14:29:00,Contained
CASE-0008,A-001,2026-01-08 07:52:00,Medium,Closed,Benign,2026-01-09 13:52:00,Resolved
CASE-0009,A-001,2026-03-14 22:20:00,Low,Closed,Needs Review,2026-03-16 00:20:00,No Further Action
CASE-0010,A-001,2026-01-18 16:31:00,Low,Closed,True Positive,2026-01-21 00:31:00,False Positive
CASE-0011,A-001,2026-02-24 19:04:00,High,Closed,False Positive,2026-02-26 21:04:00,Contained
CASE-0012,A-001,2026-01-02 21:46:00,Critical,Closed,Benign,2026-01-04 08:46:00,False Positive
CASE-0013,A-001,2026-01-21 14:00:00,Low,Closed,True Positive,2026-01-23 02:00:00,False Positive
CASE-0014,A-001,2026-01-14 20:19:00,Medium,Closed,Needs Review,2026-01-15 18:19:00,Contained
CASE-0015,A-001,2026-01-21 17:49:00,Low,Closed,False Positive,2026-01-22 15:49:00,False Positive
CASE-0016,A-001,2026-02-16 09:15:00,Low,In Progress,Needs Review,,
CASE-0017,A-001,2026-03-11 23:44:00,Critical,Closed,Needs Review,2026-03-13 11:44:00,Resolved
CASE-0018,A-001,2026-01-31 08:42:00,Low,Closed,False Positive,2026-02-01 04:42:00,Resolved
CASE-0019,A-001,2026-03-02 13:12:00,Low,Closed,Needs Review,2026-03-05 06:12:00,Resolved
CASE-0020,A-001,2026-01-07 21:41:00,Medium,Closed,True Positive,2026-01-10 07:41:00,No Further Action
CASE-0021,A-001,2026-01-14 07:12:00,High,Closed,True Positive,2026-01-16 12:12:00,False Positive
CASE-0022,A-001,2026-02-01 02:28:00,Low,Closed,True Positive,2026-02-01 05:28:00,No Further Action
CASE-0023,A-001,2026-01-31 05:26:00,Critical,Closed,Needs Review,2026-01-31 09:26:00,No Further Action
CASE-0024,A-001,2026-02-19 08:59:00,Low,Closed,Needs Review,2026-02-20 08:59:00,Contained
CASE-0025,A-001,2026-02-07 06:03:00,Low,Closed,True Positive,2026-02-07 16:03:00,No Further Action
CASE-0026,A-001,2026-01-09 19:04:00,High,Closed,Needs Review,2026-01-11 06:04:00,False Positive
CASE-0027,A-001,2026-01-27 21:45:00,Critical,In Progress,True Positive,,
CASE-0028,A-001,2026-01-10 00:29:00,Medium,In Progress,Benign,,
CASE-0029,A-001,2026-03-11 22:19:00,Medium,Closed,True Positive,2026-03-13 21:19:00,Contained
CASE-0030,A-001,2026-01-14 04:16:00,Critical,Closed,True Positive,2026-01-17 04:16:00,False Positive
CASE-0031,A-001,2026-03-19 06:45:00,Low,Closed,True Positive,2026-03-21 20:45:00,False Positive
CASE-0032,A-001,2026-03-30 04:34:00,Low,In Progress,Needs Review,,
CASE-0033,A-001,2026-01-06 09:23:00,Medium,Closed,Benign,2026-01-08 19:23:00,No Further Action
CASE-0034,A-001,2026-02-15 17:56:00,Medium,Open,Needs Review,,
CASE-0035,A-001,2026-03-31 03:24:00,Low,Closed,Benign,2026-04-02 13:24:00,Contained
CASE-0036,A-001,2026-01-25 08:02:00,High,In Progress,Needs Review,,
CASE-0037,A-001,2026-01-09 21:58:00,Low,Closed,False Positive,2026-01-11 10:58:00,Resolved
CASE-0038,A-001,2026-03-27 13:20:00,Medium,Closed,False Positive,2026-03-30 05:20:00,False Positive
CASE-0039,A-001,2026-01-01 09:18:00,Medium,Closed,Benign,2026-01-03 15:18:00,False Positive
CASE-0040,A-001,2026-03-28 06:32:00,Medium,Closed,True Positive,2026-03-29 20:32:00,False Positive
CASE-0041,A-001,2026-03-23 19:21:00,Medium,In Progress,False Positive,,
CASE-0042,A-001,2026-03-22 18:12:00,Medium,Closed,Benign,2026-03-24 12:12:00,No Further Action
CASE-0043,A-001,2026-03-30 00:57:00,Low,Closed,Needs Review,2026-04-01 11:57:00,Contained
CASE-0044,A-001,2026-03-31 16:29:00,High,In Progress,Benign,,
CASE-0045,A-001,2026-03-27 16:35:00,High,Closed,Needs Review,2026-03-29 16:35:00,Contained
CASE-0046,A-001,2026-02-05 16:31:00,High,Closed,Needs Review,2026-02-06 14:31:00,False Positive
CASE-0047,A-001,2026-01-28 02:26:00,Medium,In Progress,False Positive,,
CASE-0048,A-001,2026-02-23 12:57:00,Low,Closed,Benign,2026-02-24 05:57:00,No Further Action
CASE-0049,A-001,2026-02-15 09:48:00,Low,Closed,True Positive,2026-02-17 02:48:00,Contained
CASE-0050,A-001,2026-02-04 13:31:00,Medium,Closed,False Positive,2026-02-07 10:31:00,Contained
CASE-0051,A-001,2026-01-17 19:34:00,High,Closed,Needs Review,2026-01-18 14:34:00,No Further Action
CASE-0052,A-001,2026-02-11 10:48:00,Low,In Progress,Benign,,
CASE-0053,A-001,2026-03-11 01:22:00,Medium,Closed,Benign,2026-03-11 20:22:00,No Further Action
CASE-0054,A-001,2026-01-26 00:39:00,Critical,Closed,Needs Review,2026-01-26 06:39:00,False Positive
CASE-0055,A-001,2026-02-02 11:10:00,Medium,Closed,True Positive,2026-02-04 15:10:00,False Positive
CASE-0056,A-001,2026-02-09 18:43:00,Medium,Closed,True Positive,2026-02-10 19:43:00,False Positive
CASE-0057,A-001,2026-02-23 15:06:00,Low,Closed,Needs Review,2026-02-24 03:06:00,No Further Action
CASE-0058,A-001,2026-03-08 20:17:00,Medium,Closed,True Positive,2026-03-10 19:17:00,No Further Action
CASE-0059,A-001,2026-03-17 08:20:00,High,In Progress,Benign,,
CASE-0060,A-001,2026-03-14 19:42:00,High,Closed,Benign,2026-03-16 16:42:00,Contained
CASE-0061,A-001,2026-03-04 14:50:00,Medium,Closed,Needs Review,2026-03-06 20:50:00,No Further Action
CASE-0062,A-001,2026-03-16 11:30:00,Low,Open,Needs Review,,
CASE-0063,A-001,2026-03-10 22:11:00,Low,Open,True Positive,,
CASE-0064,A-001,2026-01-25 09:14:00,Critical,Closed,Benign,2026-01-25 18:14:00,No Further Action
CASE-0065,A-001,2026-01-07 17:18:00,Low,Closed,Benign,2026-01-09 23:18:00,False Positive
CASE-0066,A-001,2026-03-15 09:30:00,High,Closed,False Positive,2026-03-16 11:30:00,False Positive
CASE-0067,A-001,2026-03-14 09:05:00,Low,Closed,Benign,2026-03-16 00:05:00,No Further Action
CASE-0068,A-001,2026-03-21 07:49:00,Medium,Closed,True Positive,2026-03-21 08:49:00,False Positive
CASE-0069,A-001,2026-03-21 01:39:00,Low,In Progress,Needs Review,,
CASE-0070,A-001,2026-01-11 05:15:00,Low,Closed,Benign,2026-01-13 11:15:00,False Positive
CASE-0071,A-001,2026-03-18 15:18:00,Medium,Closed,False Positive,2026-03-18 19:18:00,Resolved
CASE-0072,A-001,2026-01-29 20:09:00,Low,In Progress,Benign,,
CASE-0073,A-002,2026-06-16 23:52:00,High,Closed,Benign,2026-06-19 12:52:00,Resolved
CASE-0074,A-002,2026-06-29 12:17:00,Medium,Closed,True Positive,2026-06-30 22:17:00,False Positive
CASE-0075,A-002,2026-05-12 19:16:00,High,Closed,Needs Review,2026-05-13 13:16:00,Contained
CASE-0076,A-002,2026-06-26 08:36:00,Critical,Closed,Needs Review,2026-06-28 06:36:00,Resolved
CASE-0077,A-002,2026-04-24 18:27:00,Critical,Closed,True Positive,2026-04-27 12:27:00,False Positive
CASE-0078,A-002,2026-05-22 17:02:00,Medium,Closed,False Positive,2026-05-25 15:02:00,Contained
CASE-0079,A-002,2026-06-10 04:59:00,Low,Closed,Benign,2026-06-10 17:59:00,Contained
CASE-0080,A-002,2026-06-22 04:31:00,Critical,Closed,Benign,2026-06-24 19:31:00,No Further Action
CASE-0081,A-002,2026-05-31 07:29:00,High,In Progress,True Positive,,
CASE-0082,A-002,2026-05-06 13:21:00,High,Closed,False Positive,2026-05-09 13:21:00,Resolved
CASE-0083,A-002,2026-06-15 18:42:00,High,In Progress,True Positive,,
CASE-0084,A-002,2026-04-17 16:37:00,Critical,Closed,Benign,2026-04-18 10:37:00,No Further Action
CASE-0085,A-002,2026-06-28 12:41:00,Low,Open,Benign,,
CASE-0086,A-002,2026-06-20 22:56:00,Critical,Closed,True Positive,2026-06-22 03:56:00,False Positive
CASE-0087,A-002,2026-05-09 00:02:00,Low,Closed,False Positive,2026-05-10 03:02:00,False Positive
CASE-0088,A-002,2026-05-19 19:43:00,Medium,Open,True Positive,,
CASE-0089,A-002,2026-05-29 08:42:00,Medium,Open,Needs Review,,
CASE-0090,A-002,2026-05-15 18:19:00,Low,Closed,True Positive,2026-05-18 07:19:00,Resolved
CASE-0091,A-002,2026-06-29 09:01:00,Medium,Closed,True Positive,2026-06-29 22:01:00,Resolved
CASE-0092,A-002,2026-04-25 19:16:00,Low,In Progress,False Positive,,
CASE-0093,A-002,2026-06-22 01:19:00,Critical,Closed,False Positive,2026-06-23 13:19:00,Contained
CASE-0094,A-002,2026-05-08 10:47:00,Low,In Progress,False Positive,,
CASE-0095,A-002,2026-05-05 05:16:00,Medium,Closed,True Positive,2026-05-08 01:16:00,False Positive
CASE-0096,A-002,2026-05-18 03:43:00,High,Open,True Positive,,
CASE-0097,A-002,2026-04-06 01:19:00,Low,Closed,Needs Review,2026-04-08 00:19:00,False Positive
CASE-0098,A-002,2026-04-18 12:29:00,High,In Progress,False Positive,,
CASE-0099,A-002,2026-05-06 06:07:00,Low,Closed,Needs Review,2026-05-06 21:07:00,Contained
CASE-0100,A-002,2026-05-13 07:08:00,Low,Closed,False Positive,2026-05-15 23:08:00,Contained
CASE-0101,A-002,2026-06-09 08:51:00,Critical,Closed,Benign,2026-06-12 00:51:00,Resolved
CASE-0102,A-002,2026-05-01 18:20:00,Low,Closed,Benign,2026-05-04 03:20:00,False Positive
CASE-0103,A-002,2026-04-09 15:28:00,Medium,Closed,Needs Review,2026-04-10 16:28:00,Resolved
CASE-0104,A-002,2026-06-21 18:35:00,Low,Closed,Needs Review,2026-06-22 08:35:00,No Further Action
CASE-0105,A-002,2026-06-17 13:06:00,Medium,Closed,True Positive,2026-06-18 05:06:00,False Positive
CASE-0106,A-002,2026-04-30 13:21:00,Medium,Closed,True Positive,2026-05-01 11:21:00,Resolved
CASE-0107,A-002,2026-06-25 08:23:00,Medium,Closed,False Positive,2026-06-27 12:23:00,Resolved
CASE-0108,A-002,2026-04-11 02:27:00,Low,Closed,Needs Review,2026-04-12 14:27:00,Contained
CASE-0109,A-002,2026-06-11 19:39:00,High,Closed,Needs Review,2026-06-14 10:39:00,Contained
CASE-0110,A-002,2026-05-05 22:48:00,Low,Closed,True Positive,2026-05-07 07:48:00,No Further Action
CASE-0111,A-002,2026-06-12 21:25:00,High,Closed,False Positive,2026-06-13 01:25:00,Resolved
CASE-0112,A-002,2026-06-02 19:28:00,Medium,Closed,False Positive,2026-06-04 20:28:00,Contained
CASE-0113,A-002,2026-05-07 21:43:00,Medium,Closed,True Positive,2026-05-08 07:43:00,No Further Action
CASE-0114,A-002,2026-04-01 15:47:00,Low,Closed,Needs Review,2026-04-04 08:47:00,Contained
CASE-0115,A-002,2026-06-25 11:04:00,Medium,Open,True Positive,,
CASE-0116,A-002,2026-05-12 05:51:00,Medium,Closed,True Positive,2026-05-14 07:51:00,No Further Action
CASE-0117,A-002,2026-04-14 07:27:00,Medium,Closed,Needs Review,2026-04-14 12:27:00,Resolved
CASE-0118,A-002,2026-04-29 10:49:00,High,Closed,Benign,2026-04-30 08:49:00,No Further Action
CASE-0119,A-002,2026-05-15 11:46:00,Critical,Closed,Needs Review,2026-05-18 02:46:00,Resolved
CASE-0120,A-002,2026-05-03 06:11:00,Low,Closed,Needs Review,2026-05-05 19:11:00,False Positive
CASE-0121,A-002,2026-06-12 18:28:00,Medium,Closed,Needs Review,2026-06-14 19:28:00,Contained
CASE-0122,A-002,2026-05-16 16:04:00,Medium,Closed,True Positive,2026-05-17 09:04:00,Contained
CASE-0123,A-002,2026-04-10 20:55:00,High,Closed,True Positive,2026-04-12 16:55:00,No Further Action
CASE-0124,A-002,2026-06-10 23:57:00,Medium,Closed,Benign,2026-06-13 04:57:00,Contained
CASE-0125,A-002,2026-06-04 04:03:00,Medium,Closed,False Positive,2026-06-05 20:03:00,Resolved
CASE-0126,A-002,2026-05-14 21:38:00,Low,Closed,Benign,2026-05-15 19:38:00,Resolved
CASE-0127,A-002,2026-06-11 21:24:00,Low,Closed,Needs Review,2026-06-14 15:24:00,No Further Action
CASE-0128,A-002,2026-06-24 04:58:00,Low,Closed,True Positive,2026-06-25 21:58:00,No Further Action
CASE-0129,A-002,2026-04-11 09:35:00,Medium,Closed,True Positive,2026-04-14 00:35:00,Resolved
CASE-0130,A-002,2026-05-25 16:23:00,Medium,Closed,Needs Review,2026-05-28 09:23:00,Contained
CASE-0131,A-002,2026-06-02 06:14:00,Critical,Closed,Needs Review,2026-06-03 08:14:00,No Further Action
CASE-0132,A-002,2026-04-13 16:49:00,High,In Progress,True Positive,,
CASE-0133,A-002,2026-06-26 23:15:00,Medium,Closed,True Positive,2026-06-28 14:15:00,No Further Action
CASE-0134,A-002,2026-05-07 12:32:00,Medium,In Progress,True Positive,,
CASE-0135,A-002,2026-04-07 20:30:00,High,Closed,Needs Review,2026-04-10 03:30:00,False Positive
CASE-0136,A-002,2026-04-21 08:28:00,Low,Closed,Benign,2026-04-24 01:28:00,Contained
CASE-0137,A-002,2026-05-15 00:26:00,High,Closed,False Positive,2026-05-17 06:26:00,No Further Action
CASE-0138,A-002,2026-05-18 07:01:00,Critical,Closed,False Positive,2026-05-18 10:01:00,False Positive
CASE-0139,A-002,2026-05-07 15:44:00,Low,Closed,Needs Review,2026-05-09 02:44:00,No Further Action
CASE-0140,A-003,2026-03-05 19:34:00,Low,Closed,Needs Review,2026-03-06 14:34:00,False Positive
CASE-0141,A-003,2026-01-01 19:22:00,Low,Closed,Benign,2026-01-04 03:22:00,No Further Action
CASE-0142,A-003,2026-03-09 17:32:00,Low,Open,True Positive,,
CASE-0143,A-003,2026-01-06 20:24:00,High,Open,Benign,,
CASE-0144,A-003,2026-03-11 10:52:00,Low,Closed,False Positive,2026-03-13 14:52:00,False Positive
CASE-0145,A-003,2026-01-09 22:49:00,High,Closed,False Positive,2026-01-11 14:49:00,No Further Action
CASE-0146,A-003,2026-01-06 10:59:00,High,In Progress,Needs Review,,
CASE-0147,A-003,2026-03-24 06:18:00,Low,Closed,False Positive,2026-03-25 17:18:00,False Positive
CASE-0148,A-003,2026-02-17 13:56:00,Low,Open,Benign,,
CASE-0149,A-003,2026-03-05 11:59:00,Medium,Closed,True Positive,2026-03-08 02:59:00,Resolved
CASE-0150,A-003,2026-01-24 17:18:00,Medium,In Progress,Benign,,
CASE-0151,A-003,2026-02-24 05:44:00,Medium,In Progress,Needs Review,,
CASE-0152,A-003,2026-03-19 21:50:00,Low,In Progress,Needs Review,,
CASE-0153,A-003,2026-01-04 23:11:00,Critical,Closed,True Positive,2026-01-07 18:11:00,Contained
CASE-0154,A-003,2026-02-27 06:39:00,High,Closed,True Positive,2026-02-28 23:39:00,Contained
CASE-0155,A-003,2026-03-08 11:08:00,Medium,Closed,False Positive,2026-03-09 23:08:00,No Further Action
CASE-0156,A-003,2026-01-17 13:32:00,High,In Progress,True Positive,,
CASE-0157,A-003,2026-01-21 10:59:00,Low,Closed,True Positive,2026-01-23 03:59:00,No Further Action
CASE-0158,A-003,2026-03-23 17:17:00,Low,Closed,Benign,2026-03-24 12:17:00,Contained
CASE-0159,A-003,2026-01-22 18:37:00,Medium,Closed,Benign,2026-01-22 21:37:00,Resolved
CASE-0160,A-003,2026-03-15 13:39:00,Medium,In Progress,False Positive,,
CASE-0161,A-003,2026-02-08 15:15:00,Medium,Closed,Benign,2026-02-09 07:15:00,False Positive
CASE-0162,A-003,2026-02-10 23:55:00,Low,In Progress,Needs Review,,
CASE-0163,A-003,2026-01-21 15:32:00,Low,In Progress,False Positive,,
CASE-0164,A-003,2026-03-06 14:15:00,Critical,In Progress,False Positive,,
CASE-0165,A-003,2026-02-16 12:23:00,High,In Progress,Needs Review,,
CASE-0166,A-003,2026-01-13 12:23:00,Low,Closed,Needs Review,2026-01-16 01:23:00,No Further Action
CASE-0167,A-003,2026-01-20 19:57:00,Medium,Closed,True Positive,2026-01-21 16:57:00,Contained
CASE-0168,A-003,2026-03-20 23:53:00,Low,Closed,Benign,2026-03-23 10:53:00,Resolved
CASE-0169,A-003,2026-03-30 20:01:00,Medium,Closed,Needs Review,2026-03-31 14:01:00,Resolved
CASE-0170,A-003,2026-03-16 15:10:00,High,Closed,Benign,2026-03-17 02:10:00,Resolved
CASE-0171,A-003,2026-03-31 03:12:00,Low,Closed,False Positive,2026-04-02 08:12:00,Contained
CASE-0172,A-003,2026-02-22 16:49:00,Medium,In Progress,False Positive,,
CASE-0173,A-003,2026-03-13 10:42:00,Medium,Closed,Benign,2026-03-14 23:42:00,False Positive
CASE-0174,A-003,2026-02-13 17:22:00,Critical,Closed,Needs Review,2026-02-15 18:22:00,False Positive
CASE-0175,A-003,2026-02-01 08:35:00,Low,Closed,False Positive,2026-02-01 20:35:00,No Further Action
CASE-0176,A-003,2026-02-14 17:59:00,Low,Closed,False Positive,2026-02-15 00:59:00,No Further Action
CASE-0177,A-003,2026-02-20 11:49:00,High,Closed,False Positive,2026-02-20 23:49:00,Contained
CASE-0178,A-003,2026-02-26 20:16:00,Low,Closed,True Positive,2026-03-01 16:16:00,No Further Action
CASE-0179,A-003,2026-01-26 09:20:00,Medium,Closed,False Positive,2026-01-27 10:20:00,Contained
CASE-0180,A-003,2026-01-05 05:26:00,Medium,Closed,False Positive,2026-01-07 13:26:00,False Positive
CASE-0181,A-003,2026-02-07 01:00:00,Low,In Progress,Benign,,
CASE-0182,A-003,2026-01-15 10:10:00,Low,Closed,False Positive,2026-01-15 14:10:00,Contained
CASE-0183,A-003,2026-01-12 12:42:00,Medium,Closed,False Positive,2026-01-14 12:42:00,No Further Action
CASE-0184,A-003,2026-02-19 07:28:00,Low,Closed,Benign,2026-02-21 10:28:00,False Positive
CASE-0185,A-003,2026-03-27 06:48:00,High,Closed,True Positive,2026-03-27 13:48:00,Contained
CASE-0186,A-003,2026-01-20 05:20:00,Medium,Closed,True Positive,2026-01-20 06:20:00,Contained
CASE-0187,A-003,2026-03-07 14:51:00,Low,Closed,Needs Review,2026-03-09 14:51:00,False Positive
CASE-0188,A-003,2026-03-16 02:02:00,High,Closed,Benign,2026-03-17 00:02:00,No Further Action
CASE-0189,A-003,2026-02-14 03:11:00,Medium,Closed,Needs Review,2026-02-14 22:11:00,Contained
CASE-0190,A-003,2026-01-29 00:48:00,High,Closed,False Positive,2026-01-31 16:48:00,Contained
CASE-0191,A-003,2026-01-05 14:38:00,Low,In Progress,Benign,,
CASE-0192,A-003,2026-03-11 06:48:00,Medium,Closed,False Positive,2026-03-12 23:48:00,No Further Action
CASE-0193,A-003,2026-03-26 16:14:00,High,In Progress,Needs Review,,
CASE-0194,A-003,2026-02-24 17:31:00,Medium,Closed,False Positive,2026-02-25 17:31:00,Resolved
CASE-0195,A-003,2026-02-22 04:19:00,Medium,Closed,Needs Review,2026-02-24 12:19:00,Resolved
CASE-0196,A-003,2026-02-18 21:38:00,Low,Closed,Needs Review,2026-02-21 08:38:00,No Further Action
CASE-0197,A-003,2026-02-12 09:58:00,Medium,Closed,False Positive,2026-02-13 01:58:00,Contained
CASE-0198,A-003,2026-03-31 19:45:00,Critical,In Progress,False Positive,,
CASE-0199,A-003,2026-02-12 07:24:00,Low,Closed,False Positive,2026-02-12 08:24:00,False Positive
CASE-0200,A-003,2026-03-04 23:41:00,Low,Closed,Needs Review,2026-03-05 12:41:00,Contained
CASE-0201,A-003,2026-03-11 15:11:00,Low,Closed,True Positive,2026-03-13 18:11:00,Contained
CASE-0202,A-003,2026-01-10 21:03:00,High,In Progress,Benign,,
CASE-0203,A-004,2026-04-02 06:32:00,High,Closed,Needs Review,2026-04-04 17:32:00,Contained
CASE-0204,A-004,2026-04-03 00:34:00,Medium,Closed,True Positive,2026-04-05 10:34:00,Contained
CASE-0205,A-004,2026-05-31 01:40:00,Low,In Progress,Benign,,
CASE-0206,A-004,2026-05-13 18:54:00,Medium,Closed,True Positive,2026-05-16 17:54:00,No Further Action
CASE-0207,A-004,2026-06-28 18:30:00,Low,Closed,False Positive,2026-06-30 22:30:00,Resolved
CASE-0208,A-004,2026-05-11 00:13:00,Low,Closed,Needs Review,2026-05-13 04:13:00,Contained
CASE-0209,A-004,2026-06-12 12:43:00,Medium,In Progress,False Positive,,
CASE-0210,A-004,2026-05-15 01:06:00,Medium,Closed,Needs Review,2026-05-16 17:06:00,False Positive
CASE-0211,A-004,2026-05-12 00:40:00,Critical,Closed,Benign,2026-05-14 18:40:00,False Positive
CASE-0212,A-004,2026-05-19 13:11:00,Medium,In Progress,Needs Review,,
CASE-0213,A-004,2026-04-10 02:17:00,High,Closed,True Positive,2026-04-12 09:17:00,Contained
CASE-0214,A-004,2026-04-12 00:19:00,Low,Closed,Needs Review,2026-04-12 12:19:00,Resolved
CASE-0215,A-004,2026-05-28 17:35:00,Low,In Progress,False Positive,,
CASE-0216,A-004,2026-06-16 19:50:00,Medium,Closed,Needs Review,2026-06-19 15:50:00,Resolved
CASE-0217,A-004,2026-04-11 23:57:00,Low,Closed,Needs Review,2026-04-13 14:57:00,False Positive
CASE-0218,A-004,2026-05-24 09:30:00,Medium,Closed,False Positive,2026-05-27 04:30:00,No Further Action
CASE-0219,A-004,2026-04-26 14:06:00,Medium,Closed,True Positive,2026-04-26 20:06:00,Resolved
CASE-0220,A-004,2026-05-13 14:21:00,High,Closed,Needs Review,2026-05-14 23:21:00,Contained
CASE-0221,A-004,2026-06-28 06:30:00,Low,Closed,True Positive,2026-06-28 21:30:00,No Further Action
CASE-0222,A-004,2026-05-02 10:24:00,Critical,Closed,Needs Review,2026-05-02 16:24:00,Resolved
CASE-0223,A-004,2026-06-09 05:43:00,Medium,Closed,Benign,2026-06-11 16:43:00,No Further Action
CASE-0224,A-004,2026-05-08 22:04:00,Medium,Closed,False Positive,2026-05-10 02:04:00,False Positive
CASE-0225,A-004,2026-05-01 08:42:00,Medium,In Progress,Benign,,
CASE-0226,A-004,2026-06-08 19:40:00,High,Closed,True Positive,2026-06-10 22:40:00,Resolved
CASE-0227,A-004,2026-04-06 18:41:00,Medium,Closed,Needs Review,2026-04-08 22:41:00,No Further Action
CASE-0228,A-004,2026-05-04 07:32:00,Low,Open,Benign,,
CASE-0229,A-004,2026-05-21 14:49:00,Medium,In Progress,Needs Review,,
CASE-0230,A-004,2026-05-29 06:33:00,Low,Closed,False Positive,2026-05-29 21:33:00,Resolved
CASE-0231,A-004,2026-05-09 01:51:00,Low,Closed,True Positive,2026-05-10 04:51:00,No Further Action
CASE-0232,A-004,2026-05-02 16:11:00,Critical,Closed,Needs Review,2026-05-05 13:11:00,False Positive
CASE-0233,A-004,2026-05-22 20:11:00,Low,Open,False Positive,,
CASE-0234,A-004,2026-04-26 14:37:00,High,Closed,False Positive,2026-04-27 10:37:00,No Further Action
CASE-0235,A-004,2026-04-15 08:42:00,Low,In Progress,False Positive,,
CASE-0236,A-004,2026-06-15 03:22:00,Medium,Closed,Needs Review,2026-06-15 10:22:00,Contained
CASE-0237,A-004,2026-06-15 02:43:00,Critical,Closed,Needs Review,2026-06-17 08:43:00,No Further Action
CASE-0238,A-004,2026-06-02 20:34:00,Medium,Closed,Benign,2026-06-03 01:34:00,No Further Action
CASE-0239,A-004,2026-04-18 05:20:00,Medium,Closed,Needs Review,2026-04-19 11:20:00,Resolved
CASE-0240,A-004,2026-04-25 12:35:00,Medium,Closed,Benign,2026-04-28 11:35:00,Resolved
CASE-0241,A-004,2026-05-27 15:10:00,High,Closed,Needs Review,2026-05-28 06:10:00,No Further Action
CASE-0242,A-004,2026-06-08 09:10:00,Low,Closed,Needs Review,2026-06-10 17:10:00,Resolved
CASE-0243,A-004,2026-05-05 17:52:00,Medium,Closed,Needs Review,2026-05-07 14:52:00,No Further Action
CASE-0244,A-004,2026-05-25 03:47:00,Medium,Closed,Benign,2026-05-27 15:47:00,False Positive
CASE-0245,A-004,2026-06-08 08:38:00,Medium,Closed,Benign,2026-06-10 21:38:00,False Positive
CASE-0246,A-004,2026-06-05 21:52:00,Medium,Closed,True Positive,2026-06-08 11:52:00,False Positive
CASE-0247,A-004,2026-04-17 07:09:00,High,Closed,Needs Review,2026-04-17 20:09:00,No Further Action
CASE-0248,A-004,2026-05-06 22:59:00,Medium,Closed,True Positive,2026-05-07 01:59:00,Contained
CASE-0249,A-004,2026-05-25 06:31:00,Low,Closed,True Positive,2026-05-25 15:31:00,Contained
CASE-0250,A-004,2026-06-02 10:57:00,Medium,Closed,True Positive,2026-06-05 10:57:00,False Positive
CASE-0251,A-004,2026-04-21 14:29:00,Low,In Progress,Benign,,
CASE-0252,A-004,2026-06-01 02:08:00,Low,In Progress,True Positive,,
CASE-0253,A-004,2026-06-26 04:04:00,Medium,Closed,True Positive,2026-06-26 18:04:00,Resolved
CASE-0254,A-004,2026-04-13 04:48:00,Low,Closed,True Positive,2026-04-14 07:48:00,Contained
CASE-0255,A-004,2026-05-02 08:41:00,High,Closed,Needs Review,2026-05-05 01:41:00,No Further Action
CASE-0256,A-004,2026-05-08 20:03:00,High,Closed,Benign,2026-05-09 14:03:00,Resolved
CASE-0257,A-004,2026-06-12 13:23:00,Low,Closed,True Positive,2026-06-13 21:23:00,No Further Action
CASE-0258,A-004,2026-04-02 08:13:00,Medium,Closed,True Positive,2026-04-03 19:13:00,Contained
CASE-0259,A-004,2026-05-10 02:32:00,Low,Closed,False Positive,2026-05-10 22:32:00,No Further Action
CASE-0260,A-004,2026-05-26 03:29:00,Low,Closed,Needs Review,2026-05-28 14:29:00,Contained
CASE-0261,A-004,2026-04-17 23:49:00,Low,Open,True Positive,,
CASE-0262,A-004,2026-04-09 08:45:00,Low,Closed,False Positive,2026-04-11 16:45:00,Resolved
CASE-0263,A-004,2026-05-17 01:31:00,Medium,Closed,False Positive,2026-05-17 09:31:00,Contained
CASE-0264,A-004,2026-06-13 21:46:00,High,In Progress,Benign,,
CASE-0265,A-004,2026-05-02 13:58:00,Low,Closed,Benign,2026-05-05 09:58:00,False Positive
CASE-0266,A-004,2026-05-07 09:20:00,High,Closed,Needs Review,2026-05-09 06:20:00,No Further Action
CASE-0267,A-004,2026-06-28 00:21:00,Medium,Closed,Needs Review,2026-06-28 17:21:00,Contained
CASE-0268,A-004,2026-05-01 13:31:00,Low,Closed,Benign,2026-05-04 08:31:00,Contained
CASE-0269,A-004,2026-06-21 12:04:00,Medium,Closed,Benign,2026-06-22 19:04:00,Contained
CASE-0270,A-004,2026-05-11 13:07:00,Medium,Closed,Benign,2026-05-12 23:07:00,Contained
CASE-0271,A-004,2026-04-16 02:10:00,Low,Open,True Positive,,
CASE-0272,A-004,2026-05-12 04:05:00,Low,Closed,True Positive,2026-05-14 15:05:00,Contained
CASE-0273,A-005,2026-03-24 14:51:00,Low,In Progress,False Positive,,
CASE-0274,A-005,2026-03-15 13:52:00,Low,Closed,False Positive,2026-03-17 14:52:00,False Positive
CASE-0275,A-005,2026-01-28 05:17:00,Low,Closed,False Positive,2026-01-30 04:17:00,No Further Action
CASE-0276,A-005,2026-03-05 13:56:00,Medium,Closed,Needs Review,2026-03-06 00:56:00,Resolved
CASE-0277,A-005,2026-01-26 20:56:00,Low,In Progress,Needs Review,,
CASE-0278,A-005,2026-02-15 15:34:00,Critical,Closed,Needs Review,2026-02-18 15:34:00,No Further Action
CASE-0279,A-005,2026-03-16 07:10:00,Medium,Closed,Needs Review,2026-03-18 22:10:00,No Further Action
CASE-0280,A-005,2026-03-17 10:51:00,Low,Closed,Needs Review,2026-03-18 03:51:00,Resolved
CASE-0281,A-005,2026-03-14 04:36:00,Critical,Closed,True Positive,2026-03-15 01:36:00,Contained
CASE-0282,A-005,2026-03-20 06:51:00,Low,In Progress,True Positive,,
CASE-0283,A-005,2026-01-19 03:54:00,Low,Closed,True Positive,2026-01-21 22:54:00,False Positive
CASE-0284,A-005,2026-02-13 09:20:00,Medium,Closed,Benign,2026-02-15 00:20:00,Contained
CASE-0285,A-005,2026-01-23 22:35:00,Medium,Open,False Positive,,
CASE-0286,A-005,2026-03-14 01:11:00,High,In Progress,Benign,,
CASE-0287,A-005,2026-03-27 20:46:00,High,Open,Needs Review,,
CASE-0288,A-005,2026-01-09 11:16:00,Low,Closed,True Positive,2026-01-09 17:16:00,No Further Action
CASE-0289,A-005,2026-01-22 13:31:00,High,Closed,Needs Review,2026-01-24 09:31:00,No Further Action
CASE-0290,A-005,2026-03-15 20:48:00,High,Closed,False Positive,2026-03-16 14:48:00,No Further Action
CASE-0291,A-005,2026-01-12 10:38:00,Medium,Closed,Benign,2026-01-12 22:38:00,No Further Action
CASE-0292,A-005,2026-01-22 19:56:00,Critical,In Progress,Benign,,
CASE-0293,A-005,2026-02-22 22:35:00,Critical,In Progress,Needs Review,,
CASE-0294,A-005,2026-01-12 09:52:00,Low,In Progress,True Positive,,
CASE-0295,A-005,2026-01-22 20:18:00,Low,Open,Benign,,
CASE-0296,A-005,2026-03-02 15:57:00,High,Closed,True Positive,2026-03-03 16:57:00,Resolved
CASE-0297,A-005,2026-02-04 18:03:00,Low,Open,True Positive,,
CASE-0298,A-005,2026-02-22 18:14:00,High,In Progress,False Positive,,
CASE-0299,A-005,2026-02-27 05:10:00,Low,Closed,Needs Review,2026-02-27 16:10:00,Contained
CASE-0300,A-005,2026-03-29 13:12:00,Medium,Closed,True Positive,2026-03-31 09:12:00,No Further Action
CASE-0301,A-005,2026-01-09 02:24:00,Low,Closed,Benign,2026-01-11 03:24:00,Contained
CASE-0302,A-005,2026-01-02 22:39:00,Critical,In Progress,False Positive,,
CASE-0303,A-005,2026-03-17 18:48:00,Low,Closed,True Positive,2026-03-18 14:48:00,Contained
CASE-0304,A-005,2026-02-05 12:09:00,Low,Closed,Benign,2026-02-06 12:09:00,Resolved
CASE-0305,A-005,2026-02-08 09:17:00,Low,Closed,False Positive,2026-02-10 14:17:00,Contained
CASE-0306,A-005,2026-02-26 10:17:00,Low,In Progress,True Positive,,
CASE-0307,A-005,2026-02-22 23:31:00,Medium,Closed,False Positive,2026-02-25 15:31:00,No Further Action
CASE-0308,A-005,2026-01-26 01:15:00,Low,Closed,Needs Review,2026-01-26 10:15:00,No Further Action
CASE-0309,A-005,2026-03-01 16:25:00,Low,Closed,True Positive,2026-03-03 03:25:00,Resolved
CASE-0310,A-005,2026-03-18 14:11:00,Low,Closed,False Positive,2026-03-20 05:11:00,No Further Action
CASE-0311,A-005,2026-02-03 23:53:00,Low,Open,False Positive,,
CASE-0312,A-005,2026-03-07 00:55:00,Medium,Closed,False Positive,2026-03-08 08:55:00,No Further Action
CASE-0313,A-005,2026-02-14 14:16:00,High,Closed,Needs Review,2026-02-16 04:16:00,False Positive
CASE-0314,A-005,2026-01-01 16:42:00,Medium,In Progress,Needs Review,,
CASE-0315,A-005,2026-01-14 15:04:00,Low,Closed,Needs Review,2026-01-16 12:04:00,False Positive
CASE-0316,A-005,2026-03-25 09:12:00,Low,Closed,True Positive,2026-03-26 06:12:00,Resolved
CASE-0317,A-005,2026-03-29 04:46:00,Medium,Closed,True Positive,2026-03-29 22:46:00,Contained
CASE-0318,A-005,2026-03-23 15:58:00,Medium,Closed,Benign,2026-03-25 11:58:00,Contained
CASE-0319,A-005,2026-02-12 11:16:00,High,Closed,Benign,2026-02-14 07:16:00,False Positive
CASE-0320,A-005,2026-03-16 18:39:00,High,Closed,True Positive,2026-03-17 12:39:00,Resolved
CASE-0321,A-005,2026-02-22 01:55:00,Medium,Closed,True Positive,2026-02-23 00:55:00,No Further Action
CASE-0322,A-005,2026-02-28 04:20:00,Critical,Closed,Needs Review,2026-03-02 07:20:00,Resolved
CASE-0323,A-005,2026-01-21 15:50:00,Medium,Closed,True Positive,2026-01-24 00:50:00,Resolved
CASE-0324,A-005,2026-02-21 13:30:00,Medium,Open,Benign,,
CASE-0325,A-005,2026-02-11 16:12:00,Critical,Open,True Positive,,
CASE-0326,A-005,2026-02-14 09:08:00,Medium,Closed,False Positive,2026-02-16 18:08:00,Resolved
CASE-0327,A-005,2026-01-06 09:18:00,Low,Closed,Benign,2026-01-08 07:18:00,False Positive
CASE-0328,A-005,2026-03-29 04:21:00,Medium,Closed,Benign,2026-03-30 09:21:00,False Positive
CASE-0329,A-005,2026-01-07 21:06:00,Medium,Closed,False Positive,2026-01-07 22:06:00,False Positive
CASE-0330,A-005,2026-01-13 21:33:00,Medium,Closed,Benign,2026-01-16 14:33:00,No Further Action
CASE-0331,A-005,2026-01-14 16:46:00,High,Closed,False Positive,2026-01-15 01:46:00,False Positive
CASE-0332,A-005,2026-03-12 15:58:00,Low,In Progress,False Positive,,
CASE-0333,A-005,2026-01-23 01:54:00,Low,Open,True Positive,,
CASE-0334,A-005,2026-03-21 08:56:00,High,Closed,Benign,2026-03-24 08:56:00,No Further Action
CASE-0335,A-005,2026-02-28 08:53:00,Medium,Closed,True Positive,2026-03-02 02:53:00,No Further Action
CASE-0336,A-005,2026-02-18 11:39:00,Low,Closed,Needs Review,2026-02-21 03:39:00,Contained
CASE-0337,A-005,2026-01-15 13:28:00,Critical,Closed,False Positive,2026-01-15 20:28:00,Contained
CASE-0338,A-005,2026-02-01 15:22:00,Medium,Closed,Needs Review,2026-02-02 16:22:00,Contained
CASE-0339,A-005,2026-01-21 16:54:00,Low,Closed,True Positive,2026-01-22 21:54:00,No Further Action
CASE-0340,A-005,2026-03-05 23:41:00,Low,Closed,True Positive,2026-03-06 12:41:00,Resolved
CASE-0341,A-006,2026-03-19 19:40:00,High,Open,Benign,,
CASE-0342,A-006,2026-02-16 22:28:00,High,Closed,Benign,2026-02-17 05:28:00,Contained
CASE-0343,A-006,2026-03-23 09:35:00,Low,Closed,True Positive,2026-03-25 18:35:00,Resolved
CASE-0344,A-006,2026-02-22 03:16:00,Low,Closed,True Positive,2026-02-22 11:16:00,Resolved
CASE-0345,A-006,2026-01-25 22:21:00,Medium,In Progress,True Positive,,
CASE-0346,A-006,2026-01-07 17:59:00,Medium,Open,True Positive,,
CASE-0347,A-006,2026-01-23 23:52:00,Medium,Closed,True Positive,2026-01-24 13:52:00,Resolved
CASE-0348,A-006,2026-02-19 13:38:00,Medium,Closed,Needs Review,2026-02-21 17:38:00,Resolved
CASE-0349,A-006,2026-02-27 04:08:00,Critical,Closed,True Positive,2026-03-01 15:08:00,No Further Action
CASE-0350,A-006,2026-03-12 20:13:00,High,Closed,True Positive,2026-03-14 16:13:00,Resolved
CASE-0351,A-006,2026-01-17 22:41:00,Critical,Closed,False Positive,2026-01-18 12:41:00,Resolved
CASE-0352,A-006,2026-02-15 17:30:00,High,Closed,False Positive,2026-02-16 10:30:00,Contained
CASE-0353,A-006,2026-02-24 00:33:00,High,Closed,Needs Review,2026-02-25 00:33:00,False Positive
CASE-0354,A-006,2026-01-21 09:43:00,Low,Closed,False Positive,2026-01-23 01:43:00,No Further Action
CASE-0355,A-006,2026-01-05 11:52:00,High,Closed,Benign,2026-01-07 03:52:00,False Positive
CASE-0356,A-006,2026-03-13 12:15:00,High,Closed,Benign,2026-03-15 02:15:00,Contained
CASE-0357,A-006,2026-03-23 22:45:00,High,Closed,False Positive,2026-03-24 06:45:00,False Positive
CASE-0358,A-006,2026-01-25 09:28:00,High,Open,True Positive,,
CASE-0359,A-006,2026-01-16 12:02:00,High,Closed,False Positive,2026-01-17 14:02:00,Resolved
CASE-0360,A-006,2026-02-02 00:21:00,Medium,Closed,Needs Review,2026-02-03 19:21:00,Contained
CASE-0361,A-006,2026-03-22 19:53:00,Medium,Closed,False Positive,2026-03-23 09:53:00,No Further Action
CASE-0362,A-006,2026-01-28 19:33:00,Low,In Progress,False Positive,,
CASE-0363,A-006,2026-02-27 07:57:00,Medium,Closed,False Positive,2026-02-28 14:57:00,No Further Action
CASE-0364,A-006,2026-01-22 17:34:00,Critical,Closed,False Positive,2026-01-24 21:34:00,False Positive
CASE-0365,A-006,2026-02-12 01:05:00,Low,Closed,Benign,2026-02-12 05:05:00,Resolved
CASE-0366,A-006,2026-01-30 08:26:00,Medium,Closed,Benign,2026-01-30 14:26:00,Resolved
CASE-0367,A-006,2026-03-28 03:34:00,Low,Closed,False Positive,2026-03-29 13:34:00,False Positive
CASE-0368,A-006,2026-01-10 11:59:00,High,Closed,False Positive,2026-01-11 13:59:00,Resolved
CASE-0369,A-006,2026-02-26 12:25:00,Low,Closed,True Positive,2026-02-26 15:25:00,False Positive
CASE-0370,A-006,2026-02-20 17:18:00,Low,Open,True Positive,,
CASE-0371,A-006,2026-01-02 17:55:00,Critical,Closed,Needs Review,2026-01-04 00:55:00,Contained
CASE-0372,A-006,2026-01-29 19:53:00,Low,In Progress,Needs Review,,
CASE-0373,A-006,2026-03-16 15:21:00,Low,Closed,False Positive,2026-03-17 16:21:00,False Positive
CASE-0374,A-006,2026-01-09 06:20:00,Low,Closed,Benign,2026-01-11 13:20:00,False Positive
CASE-0375,A-006,2026-03-04 17:06:00,High,In Progress,Benign,,
CASE-0376,A-006,2026-03-22 00:52:00,High,Closed,Benign,2026-03-22 17:52:00,No Further Action
CASE-0377,A-006,2026-03-11 17:30:00,Medium,Closed,Needs Review,2026-03-12 02:30:00,False Positive
CASE-0378,A-006,2026-03-17 23:54:00,High,Open,Benign,,
CASE-0379,A-006,2026-03-06 00:42:00,Low,Closed,Benign,2026-03-08 00:42:00,No Further Action
CASE-0380,A-006,2026-03-04 07:04:00,Low,Closed,Needs Review,2026-03-04 12:04:00,False Positive
CASE-0381,A-006,2026-02-28 01:02:00,Low,Closed,False Positive,2026-03-02 04:02:00,False Positive
CASE-0382,A-006,2026-02-03 18:34:00,High,In Progress,False Positive,,
CASE-0383,A-006,2026-02-14 15:50:00,High,Closed,False Positive,2026-02-15 02:50:00,Contained
CASE-0384,A-006,2026-01-30 02:32:00,Medium,Closed,True Positive,2026-02-01 14:32:00,Contained
CASE-0385,A-006,2026-01-16 21:14:00,Low,Closed,Needs Review,2026-01-18 21:14:00,No Further Action
CASE-0386,A-006,2026-03-03 06:37:00,Medium,Closed,False Positive,2026-03-05 15:37:00,False Positive
CASE-0387,A-006,2026-03-17 05:08:00,Low,Closed,True Positive,2026-03-18 19:08:00,Resolved
CASE-0388,A-006,2026-03-18 04:50:00,High,Closed,True Positive,2026-03-21 02:50:00,False Positive
CASE-0389,A-006,2026-03-29 10:59:00,Low,Closed,Benign,2026-03-31 01:59:00,Contained
CASE-0390,A-006,2026-01-14 00:12:00,Low,Closed,False Positive,2026-01-16 22:12:00,Contained
CASE-0391,A-006,2026-01-23 15:57:00,Medium,Closed,Benign,2026-01-25 19:57:00,No Further Action
CASE-0392,A-006,2026-02-02 15:49:00,Medium,Closed,False Positive,2026-02-04 18:49:00,False Positive
CASE-0393,A-006,2026-01-01 22:47:00,Low,Closed,Needs Review,2026-01-03 04:47:00,No Further Action
CASE-0394,A-006,2026-02-02 08:54:00,Medium,Open,Benign,,
CASE-0395,A-006,2026-03-03 08:19:00,Medium,In Progress,Needs Review,,
CASE-0396,A-006,2026-02-27 22:10:00,High,Closed,True Positive,2026-03-01 22:10:00,False Positive
CASE-0397,A-006,2026-03-23 00:51:00,Low,Closed,True Positive,2026-03-25 16:51:00,Contained
CASE-0398,A-006,2026-02-03 07:23:00,Low,Closed,Needs Review,2026-02-06 04:23:00,Contained
CASE-0399,A-006,2026-03-08 09:45:00,Medium,Closed,True Positive,2026-03-09 03:45:00,False Positive
CASE-0400,A-006,2026-02-15 21:25:00,High,Open,Needs Review,,
CASE-0401,A-006,2026-01-25 14:59:00,Low,Closed,Needs Review,2026-01-26 15:59:00,No Further Action
CASE-0402,A-006,2026-03-13 02:32:00,Medium,Closed,Needs Review,2026-03-14 17:32:00,Resolved
CASE-0403,A-006,2026-02-18 18:30:00,Medium,Closed,False Positive,2026-02-18 23:30:00,No Further Action
CASE-0404,A-006,2026-02-03 02:24:00,Medium,Closed,Needs Review,2026-02-04 15:24:00,False Positive
CASE-0405,A-006,2026-02-15 16:34:00,Medium,Closed,True Positive,2026-02-18 03:34:00,Resolved
CASE-0406,A-006,2026-02-13 02:35:00,Low,Closed,Benign,2026-02-15 07:35:00,No Further Action
CASE-0407,A-006,2026-02-04 05:47:00,High,Closed,Needs Review,2026-02-06 19:47:00,Resolved
CASE-0408,A-006,2026-02-03 06:14:00,High,In Progress,False Positive,,
CASE-0409,A-006,2026-01-16 02:43:00,High,Closed,Needs Review,2026-01-18 15:43:00,False Positive
CASE-0410,A-006,2026-03-11 01:54:00,High,In Progress,False Positive,,
CASE-0411,A-006,2026-03-07 08:25:00,Medium,Closed,Benign,2026-03-08 10:25:00,Resolved
CASE-0412,A-006,2026-02-28 10:44:00,Medium,Open,False Positive,,
CASE-0413,A-006,2026-03-20 08:11:00,Low,In Progress,Needs Review,,
CASE-0414,A-006,2026-03-05 13:13:00,Low,Closed,True Positive,2026-03-07 02:13:00,No Further Action
CASE-0415,A-006,2026-03-15 04:36:00,Medium,Open,Benign,,
CASE-0416,A-007,2026-02-18 06:09:00,Medium,Open,False Positive,,
CASE-0417,A-007,2026-01-18 20:33:00,Medium,Closed,Needs Review,2026-01-21 07:33:00,No Further Action
CASE-0418,A-007,2026-03-22 03:28:00,Medium,Closed,Needs Review,2026-03-22 09:28:00,False Positive
CASE-0419,A-007,2026-02-06 11:20:00,Critical,In Progress,Benign,,
CASE-0420,A-007,2026-02-06 14:40:00,Low,Closed,False Positive,2026-02-09 06:40:00,No Further Action
CASE-0421,A-007,2026-03-25 09:45:00,Low,In Progress,True Positive,,
CASE-0422,A-007,2026-01-17 23:15:00,High,Open,Needs Review,,
CASE-0423,A-007,2026-01-09 15:35:00,Low,Closed,True Positive,2026-01-12 03:35:00,Resolved
CASE-0424,A-007,2026-01-20 02:41:00,Low,Closed,Needs Review,2026-01-22 03:41:00,Contained
CASE-0425,A-007,2026-03-31 17:11:00,Low,Closed,True Positive,2026-04-01 11:11:00,Contained
CASE-0426,A-007,2026-03-23 17:19:00,Medium,Closed,Needs Review,2026-03-24 02:19:00,Resolved
CASE-0427,A-007,2026-02-16 13:16:00,Medium,Closed,Needs Review,2026-02-17 07:16:00,No Further Action
CASE-0428,A-007,2026-02-25 12:15:00,High,Closed,True Positive,2026-02-26 11:15:00,Contained
CASE-0429,A-007,2026-02-24 20:15:00,Low,Closed,False Positive,2026-02-25 06:15:00,Resolved
CASE-0430,A-007,2026-03-10 08:26:00,Medium,Closed,Benign,2026-03-11 07:26:00,False Positive
CASE-0431,A-007,2026-01-02 07:05:00,High,Closed,True Positive,2026-01-05 02:05:00,Resolved
CASE-0432,A-007,2026-03-05 11:29:00,Low,Closed,True Positive,2026-03-05 12:29:00,Resolved
CASE-0433,A-007,2026-01-21 20:46:00,Critical,Closed,True Positive,2026-01-21 23:46:00,No Further Action
CASE-0434,A-007,2026-02-08 06:23:00,Medium,Closed,False Positive,2026-02-08 15:23:00,False Positive
CASE-0435,A-007,2026-01-06 18:50:00,Low,Open,False Positive,,
CASE-0436,A-007,2026-03-31 17:50:00,Medium,Closed,Benign,2026-04-02 11:50:00,False Positive
CASE-0437,A-007,2026-02-26 23:12:00,High,In Progress,Needs Review,,
CASE-0438,A-007,2026-03-11 11:20:00,Medium,Closed,Benign,2026-03-13 05:20:00,False Positive
CASE-0439,A-007,2026-01-20 14:18:00,Low,Closed,True Positive,2026-01-22 16:18:00,False Positive
CASE-0440,A-007,2026-03-06 12:46:00,High,Closed,Benign,2026-03-08 12:46:00,Resolved
CASE-0441,A-007,2026-01-09 21:34:00,Low,Closed,Benign,2026-01-12 13:34:00,Resolved
CASE-0442,A-007,2026-01-29 19:45:00,Low,Closed,True Positive,2026-01-31 13:45:00,No Further Action
CASE-0443,A-007,2026-03-23 01:23:00,Medium,In Progress,False Positive,,
CASE-0444,A-007,2026-01-10 09:04:00,Medium,Closed,Benign,2026-01-12 23:04:00,Resolved
CASE-0445,A-007,2026-01-25 06:33:00,Medium,Closed,Needs Review,2026-01-27 07:33:00,False Positive
CASE-0446,A-007,2026-03-23 18:22:00,High,Closed,True Positive,2026-03-25 00:22:00,Resolved
CASE-0447,A-007,2026-03-12 12:32:00,High,In Progress,Benign,,
CASE-0448,A-007,2026-02-10 17:20:00,Critical,Closed,False Positive,2026-02-11 04:20:00,Resolved
CASE-0449,A-007,2026-03-14 17:13:00,Medium,Closed,False Positive,2026-03-15 13:13:00,No Further Action
CASE-0450,A-007,2026-02-27 12:00:00,Critical,Closed,Needs Review,2026-03-01 07:00:00,False Positive
CASE-0451,A-007,2026-02-08 00:19:00,Critical,Closed,True Positive,2026-02-10 19:19:00,No Further Action
CASE-0452,A-007,2026-03-30 08:58:00,High,Closed,True Positive,2026-03-31 14:58:00,Contained
CASE-0453,A-007,2026-02-28 11:09:00,Low,Closed,True Positive,2026-03-01 19:09:00,False Positive
CASE-0454,A-007,2026-02-08 02:36:00,Low,Closed,Benign,2026-02-09 02:36:00,No Further Action
CASE-0455,A-007,2026-01-23 15:52:00,High,Closed,Needs Review,2026-01-24 00:52:00,False Positive
CASE-0456,A-007,2026-03-15 12:05:00,Low,In Progress,False Positive,,
CASE-0457,A-007,2026-01-16 07:47:00,Critical,Closed,False Positive,2026-01-17 14:47:00,Resolved
CASE-0458,A-007,2026-01-06 10:34:00,Low,Closed,False Positive,2026-01-07 12:34:00,False Positive
CASE-0459,A-007,2026-02-20 14:48:00,Low,Closed,Benign,2026-02-22 03:48:00,No Further Action
CASE-0460,A-007,2026-02-21 16:27:00,Low,In Progress,Needs Review,,
CASE-0461,A-007,2026-03-25 18:12:00,Medium,In Progress,Needs Review,,
CASE-0462,A-007,2026-02-25 10:43:00,Low,Closed,Needs Review,2026-02-28 03:43:00,No Further Action
CASE-0463,A-007,2026-01-15 09:28:00,Low,Closed,True Positive,2026-01-17 00:28:00,False Positive
CASE-0464,A-007,2026-03-08 08:35:00,Low,Closed,Needs Review,2026-03-10 20:35:00,Contained
CASE-0465,A-007,2026-03-26 16:02:00,Medium,Closed,Needs Review,2026-03-27 02:02:00,Contained
CASE-0466,A-007,2026-03-25 00:04:00,Low,Closed,False Positive,2026-03-26 01:04:00,Resolved
CASE-0467,A-007,2026-03-25 12:14:00,Low,Closed,Benign,2026-03-28 03:14:00,No Further Action
CASE-0468,A-007,2026-01-04 17:17:00,High,Closed,True Positive,2026-01-06 22:17:00,Resolved
CASE-0469,A-007,2026-02-24 09:58:00,Medium,In Progress,False Positive,,
CASE-0470,A-007,2026-03-16 17:43:00,Medium,Closed,Benign,2026-03-18 14:43:00,No Further Action
CASE-0471,A-007,2026-01-19 20:59:00,Medium,Closed,True Positive,2026-01-21 22:59:00,No Further Action
CASE-0472,A-007,2026-03-23 23:17:00,High,Closed,Benign,2026-03-24 03:17:00,False Positive
CASE-0473,A-007,2026-03-20 19:17:00,Low,Closed,False Positive,2026-03-22 04:17:00,False Positive
CASE-0474,A-007,2026-01-04 11:05:00,Low,In Progress,False Positive,,
CASE-0475,A-007,2026-02-17 05:54:00,High,Open,Needs Review,,
CASE-0476,A-007,2026-02-22 00:59:00,Low,Closed,True Positive,2026-02-24 19:59:00,False Positive
CASE-0477,A-007,2026-03-19 23:52:00,High,Closed,Benign,2026-03-22 16:52:00,No Further Action
CASE-0478,A-007,2026-02-27 14:52:00,Medium,Closed,True Positive,2026-02-28 04:52:00,Contained
CASE-0479,A-007,2026-02-08 09:29:00,Medium,Closed,Needs Review,2026-02-10 01:29:00,Resolved
CASE-0480,A-007,2026-02-11 22:41:00,Low,Closed,Needs Review,2026-02-14 18:41:00,No Further Action
CASE-0481,A-007,2026-02-27 20:23:00,Low,Closed,False Positive,2026-02-28 19:23:00,Contained
CASE-0482,A-007,2026-02-18 01:49:00,Low,Closed,Needs Review,2026-02-19 01:49:00,Resolved
CASE-0483,A-007,2026-01-23 22:03:00,High,Open,False Positive,,
CASE-0484,A-008,2026-01-16 04:12:00,Medium,Closed,False Positive,2026-01-17 14:12:00,No Further Action
CASE-0485,A-008,2026-03-11 00:38:00,High,In Progress,True Positive,,
CASE-0486,A-008,2026-01-19 01:41:00,Low,Closed,Needs Review,2026-01-19 17:41:00,Contained
CASE-0487,A-008,2026-01-12 01:06:00,Low,Closed,False Positive,2026-01-14 15:06:00,No Further Action
CASE-0488,A-008,2026-03-16 11:59:00,Critical,Closed,True Positive,2026-03-17 22:59:00,Resolved
CASE-0489,A-008,2026-02-24 17:04:00,High,Open,True Positive,,
CASE-0490,A-008,2026-03-09 06:44:00,Medium,Closed,True Positive,2026-03-11 07:44:00,Contained
CASE-0491,A-008,2026-03-15 19:22:00,Low,Closed,Needs Review,2026-03-17 15:22:00,Contained
CASE-0492,A-008,2026-01-24 19:14:00,Medium,Closed,Benign,2026-01-26 02:14:00,Contained
CASE-0493,A-008,2026-01-16 23:54:00,Medium,Closed,True Positive,2026-01-18 21:54:00,Contained
CASE-0494,A-008,2026-02-09 09:32:00,High,In Progress,Needs Review,,
CASE-0495,A-008,2026-02-22 23:03:00,Medium,Closed,Benign,2026-02-24 07:03:00,Contained
CASE-0496,A-008,2026-03-29 10:51:00,Low,Closed,Needs Review,2026-04-01 04:51:00,No Further Action
CASE-0497,A-008,2026-02-13 12:40:00,High,Closed,Benign,2026-02-13 15:40:00,Contained
CASE-0498,A-008,2026-03-06 04:12:00,High,Closed,Needs Review,2026-03-08 08:12:00,Resolved
CASE-0499,A-008,2026-01-19 03:52:00,High,In Progress,Needs Review,,
CASE-0500,A-008,2026-03-13 16:06:00,Critical,Closed,False Positive,2026-03-16 11:06:00,Resolved
CASE-0501,A-008,2026-02-06 18:15:00,Low,Open,Benign,,
CASE-0502,A-008,2026-03-31 14:06:00,Low,In Progress,True Positive,,
CASE-0503,A-008,2026-01-29 04:55:00,Low,Closed,False Positive,2026-01-30 08:55:00,False Positive
CASE-0504,A-008,2026-01-15 11:30:00,Low,Closed,Needs Review,2026-01-15 15:30:00,False Positive
CASE-0505,A-008,2026-02-21 18:26:00,Medium,Closed,Benign,2026-02-22 23:26:00,Contained
CASE-0506,A-008,2026-02-13 06:52:00,Low,In Progress,True Positive,,
CASE-0507,A-008,2026-01-31 05:42:00,Medium,In Progress,Needs Review,,
CASE-0508,A-008,2026-01-13 14:11:00,Low,Closed,False Positive,2026-01-13 23:11:00,Contained
CASE-0509,A-008,2026-03-18 12:20:00,Medium,Closed,Needs Review,2026-03-21 12:20:00,No Further Action
CASE-0510,A-008,2026-02-19 19:36:00,Medium,Closed,True Positive,2026-02-20 10:36:00,Resolved
CASE-0511,A-008,2026-03-28 09:58:00,Medium,Closed,False Positive,2026-03-29 00:58:00,Contained
CASE-0512,A-008,2026-03-20 16:25:00,Medium,Closed,Needs Review,2026-03-20 17:25:00,Contained
CASE-0513,A-008,2026-03-13 11:07:00,Low,Closed,Needs Review,2026-03-15 18:07:00,Contained
CASE-0514,A-008,2026-03-24 13:55:00,Low,Closed,False Positive,2026-03-25 03:55:00,No Further Action
CASE-0515,A-008,2026-02-24 17:52:00,Medium,In Progress,Benign,,
CASE-0516,A-008,2026-03-15 15:54:00,Medium,In Progress,False Positive,,
CASE-0517,A-008,2026-01-05 18:30:00,Low,Closed,Benign,2026-01-06 13:30:00,Resolved
CASE-0518,A-008,2026-03-09 08:29:00,Low,Closed,True Positive,2026-03-10 20:29:00,No Further Action
CASE-0519,A-008,2026-03-26 21:04:00,Medium,Closed,Benign,2026-03-28 22:04:00,Resolved
CASE-0520,A-008,2026-02-07 09:10:00,Low,Open,False Positive,,
CASE-0521,A-008,2026-02-02 00:47:00,Low,Closed,False Positive,2026-02-04 15:47:00,No Further Action
CASE-0522,A-008,2026-01-23 08:50:00,Low,Open,False Positive,,
CASE-0523,A-008,2026-02-26 23:40:00,Low,Closed,Needs Review,2026-02-28 20:40:00,No Further Action
CASE-0524,A-008,2026-01-15 01:10:00,Medium,Closed,Benign,2026-01-16 14:10:00,False Positive
CASE-0525,A-008,2026-02-10 16:43:00,Low,Closed,Benign,2026-02-10 23:43:00,Contained
CASE-0526,A-008,2026-02-25 19:58:00,Critical,Closed,False Positive,2026-02-28 04:58:00,No Further Action
CASE-0527,A-008,2026-02-02 20:37:00,High,Closed,False Positive,2026-02-03 22:37:00,Resolved
CASE-0528,A-008,2026-03-28 22:11:00,Medium,In Progress,True Positive,,
CASE-0529,A-008,2026-01-13 16:06:00,Low,In Progress,False Positive,,
CASE-0530,A-008,2026-01-04 19:05:00,Low,In Progress,False Positive,,
CASE-0531,A-008,2026-03-31 05:16:00,High,In Progress,False Positive,,
CASE-0532,A-008,2026-02-18 12:21:00,High,Closed,Benign,2026-02-20 20:21:00,False Positive
CASE-0533,A-008,2026-03-04 06:39:00,Medium,Closed,True Positive,2026-03-04 22:39:00,False Positive
CASE-0534,A-008,2026-02-25 06:39:00,Medium,Closed,False Positive,2026-02-27 07:39:00,Resolved
CASE-0535,A-008,2026-03-07 22:49:00,Medium,Closed,Needs Review,2026-03-09 22:49:00,Resolved
CASE-0536,A-008,2026-03-30 15:07:00,Low,Closed,Needs Review,2026-04-02 09:07:00,False Positive
CASE-0537,A-008,2026-03-24 02:23:00,Low,Closed,Needs Review,2026-03-25 14:23:00,Resolved
CASE-0538,A-008,2026-01-14 20:44:00,Medium,Closed,Needs Review,2026-01-16 11:44:00,False Positive
CASE-0539,A-008,2026-01-25 00:46:00,Low,Closed,False Positive,2026-01-27 04:46:00,Resolved
CASE-0540,A-008,2026-03-11 20:19:00,Low,Open,Needs Review,,
CASE-0541,A-008,2026-01-06 12:07:00,Low,Open,True Positive,,
CASE-0542,A-008,2026-03-02 19:02:00,Medium,Closed,True Positive,2026-03-03 19:02:00,False Positive
CASE-0543,A-008,2026-02-09 03:29:00,Medium,Closed,Benign,2026-02-09 19:29:00,Resolved
CASE-0544,A-008,2026-03-20 07:04:00,Medium,Closed,False Positive,2026-03-20 19:04:00,Contained
CASE-0545,A-008,2026-01-16 08:09:00,Low,In Progress,Benign,,
CASE-0546,A-008,2026-03-16 01:08:00,Medium,Closed,Needs Review,2026-03-16 02:08:00,False Positive
CASE-0547,A-008,2026-03-04 02:00:00,Low,In Progress,Benign,,
CASE-0548,A-008,2026-03-02 22:08:00,Medium,Closed,Needs Review,2026-03-04 15:08:00,Contained
CASE-0549,A-008,2026-01-23 19:44:00,Medium,Closed,True Positive,2026-01-24 01:44:00,False Positive
CASE-0550,A-008,2026-02-08 11:26:00,Medium,Closed,False Positive,2026-02-09 05:26:00,False Positive
