investigation_id,case_id,start_time,end_time,evidence_count,steps_recorded,root_cause_identified,remediation_recorded,template_id,notes_length
INV-0001,CASE-0001,2026-03-11 16:11:00,2026-03-11 18:42:00,13,5,False,True,TEMP-002,72
INV-0002,CASE-0002,2026-03-04 07:08:00,2026-03-04 07:24:00,4,3,False,False,TEMP-002,940
INV-0003,CASE-0003,2026-03-22 06:06:00,2026-03-22 12:33:00,15,7,True,True,TEMP-003,722
INV-0004,CASE-0004,2026-02-24 05:43:00,2026-02-24 13:41:00,4,6,True,False,TEMP-001,184
INV-0005,CASE-0005,2026-03-02 11:37:00,2026-03-02 14:50:00,4,3,True,False,TEMP-002,385
INV-0006,CASE-0006,2026-01-25 01:23:00,2026-01-25 03:19:00,10,6,True,True,TEMP-001,468
INV-0007,CASE-0007,2026-02-04 09:01:00,2026-02-04 11:36:00,0,3,False,True,TEMP-002,629
INV-0008,CASE-0008,2026-03-31 17:33:00,2026-03-31 23:14:00,4,1,True,True,TEMP-002,604
INV-0009,CASE-0009,2026-03-05 17:43:00,2026-03-06 01:02:00,0,4,True,False,,959
INV-0010,CASE-0010,2026-02-11 16:00:00,2026-02-11 20:25:00,11,4,True,True,TEMP-001,762
INV-0011,CASE-0011,2026-01-05 06:53:00,2026-01-05 13:53:00,10,3,True,False,TEMP-002,974
INV-0012,CASE-0012,2026-03-30 17:51:00,2026-03-30 22:38:00,6,6,True,True,TEMP-002,609
INV-0013,CASE-0013,2026-02-20 15:27:00,2026-02-20 20:39:00,6,1,True,True,,984
INV-0014,CASE-0014,2026-03-31 19:28:00,2026-04-01 02:55:00,1,2,False,True,TEMP-001,480
INV-0015,CASE-0015,2026-03-19 20:52:00,2026-03-20 03:23:00,8,8,True,True,TEMP-001,763
INV-0016,CASE-0016,2026-01-10 12:50:00,2026-01-10 17:16:00,5,3,True,False,TEMP-003,316
INV-0017,CASE-0017,2026-02-03 02:53:00,2026-02-03 03:27:00,14,2,True,False,TEMP-003,677
INV-0018,CASE-0018,2026-01-05 05:41:00,2026-01-05 08:04:00,2,7,False,False,TEMP-003,832
INV-0019,CASE-0020,2026-01-18 10:49:00,2026-01-18 11:35:00,13,10,True,True,TEMP-002,295
INV-0020,CASE-0021,2026-03-21 22:27:00,2026-03-22 01:26:00,1,0,True,True,TEMP-001,606
INV-0021,CASE-0022,2026-03-02 11:50:00,2026-03-02 17:30:00,4,9,False,True,TEMP-001,784
INV-0022,CASE-0023,2026-03-31 14:51:00,2026-03-31 22:26:00,8,7,False,False,TEMP-001,486
INV-0023,CASE-0024,2026-03-27 06:26:00,2026-03-27 13:07:00,0,2,False,False,TEMP-001,623
INV-0024,CASE-0025,2026-01-16 03:59:00,2026-01-16 10:55:00,15,5,True,True,TEMP-001,395
INV-0025,CASE-0026,2026-03-25 02:11:00,2026-03-25 09:20:00,3,2,True,False,TEMP-001,714
INV-0026,CASE-0027,2026-01-28 08:37:00,2026-01-28 15:33:00,13,10,False,True,TEMP-003,370
INV-0027,CASE-0028,2026-01-23 06:52:00,2026-01-23 14:12:00,14,8,False,True,TEMP-001,775
INV-0028,CASE-0030,2026-01-08 07:11:00,2026-01-08 11:51:00,8,2,True,False,TEMP-003,869
INV-0029,CASE-0031,2026-03-08 21:07:00,2026-03-09 02:05:00,1,2,True,True,TEMP-001,338
INV-0030,CASE-0032,2026-02-22 21:59:00,2026-02-23 03:44:00,15,8,False,False,,346
INV-0031,CASE-0033,2026-02-07 06:20:00,2026-02-07 09:00:00,11,10,True,True,TEMP-002,653
INV-0032,CASE-0034,2026-02-06 05:29:00,2026-02-06 10:21:00,9,0,False,True,TEMP-002,378
INV-0033,CASE-0035,2026-02-18 07:13:00,2026-02-18 11:28:00,15,2,True,True,TEMP-003,29
INV-0034,CASE-0036,2026-03-11 16:26:00,2026-03-11 22:15:00,0,5,True,True,,32
INV-0035,CASE-0037,2026-03-02 22:23:00,2026-03-03 02:51:00,7,1,True,True,TEMP-003,569
INV-0036,CASE-0038,2026-01-19 18:05:00,2026-01-19 20:16:00,3,0,False,True,TEMP-003,795
INV-0037,CASE-0039,2026-03-06 08:38:00,2026-03-06 09:52:00,5,5,False,True,TEMP-003,508
INV-0038,CASE-0040,2026-01-22 13:36:00,2026-01-22 21:18:00,10,9,True,True,,587
INV-0039,CASE-0041,2026-01-16 14:07:00,2026-01-16 19:50:00,8,6,True,False,TEMP-002,941
INV-0040,CASE-0042,2026-02-23 12:53:00,2026-02-23 14:49:00,3,0,True,True,TEMP-003,422
INV-0041,CASE-0043,2026-02-22 20:36:00,2026-02-22 21:14:00,5,0,True,False,,698
INV-0042,CASE-0044,2026-02-26 04:58:00,2026-02-26 05:42:00,4,4,True,True,TEMP-003,985
INV-0043,CASE-0046,2026-02-21 02:56:00,2026-02-21 09:25:00,13,3,True,False,TEMP-001,492
INV-0044,CASE-0047,2026-03-12 04:46:00,2026-03-12 07:31:00,11,5,True,False,TEMP-003,84
INV-0045,CASE-0048,2026-02-23 12:19:00,2026-02-23 16:23:00,1,8,True,True,,262
INV-0046,CASE-0049,2026-03-07 12:58:00,2026-03-07 20:13:00,13,9,False,True,,675
INV-0047,CASE-0052,2026-01-09 17:22:00,2026-01-09 19:40:00,15,0,False,False,TEMP-003,309
INV-0048,CASE-0053,2026-01-23 01:45:00,2026-01-23 02:29:00,6,7,True,False,,444
INV-0049,CASE-0054,2026-01-11 13:55:00,2026-01-11 16:36:00,8,9,False,True,TEMP-003,584
INV-0050,CASE-0055,2026-02-23 19:24:00,2026-02-23 22:56:00,10,3,True,False,TEMP-003,412
INV-0051,CASE-0056,2026-02-08 06:29:00,2026-02-08 13:26:00,3,6,False,True,,259
INV-0052,CASE-0057,2026-03-10 18:59:00,2026-03-10 22:56:00,5,0,False,True,,337
INV-0053,CASE-0058,2026-02-24 13:47:00,2026-02-24 20:35:00,9,2,False,False,,617
INV-0054,CASE-0060,2026-01-25 13:55:00,2026-01-25 15:33:00,4,3,False,True,,498
INV-0055,CASE-0061,2026-02-03 08:25:00,2026-02-03 15:00:00,9,1,True,True,TEMP-002,885
INV-0056,CASE-0062,2026-02-09 06:47:00,2026-02-09 13:25:00,1,0,True,False,,174
INV-0057,CASE-0063,2026-03-25 20:46:00,2026-03-26 02:14:00,10,6,False,False,,174
INV-0058,CASE-0064,2026-01-18 09:17:00,2026-01-18 16:06:00,4,8,True,True,TEMP-003,707
INV-0059,CASE-0065,2026-03-16 09:13:00,2026-03-16 13:23:00,3,8,True,True,TEMP-002,813
INV-0060,CASE-0066,2026-03-06 05:33:00,2026-03-06 05:55:00,1,3,True,False,TEMP-002,81
INV-0061,CASE-0067,2026-06-01 02:14:00,2026-06-01 07:56:00,3,2,True,True,TEMP-002,417
INV-0062,CASE-0068,2026-06-06 19:57:00,2026-06-07 02:47:00,1,2,True,True,TEMP-003,725
INV-0063,CASE-0069,2026-06-04 07:54:00,2026-06-04 13:36:00,9,10,False,True,TEMP-001,365
INV-0064,CASE-0070,2026-05-20 18:26:00,2026-05-20 19:49:00,0,3,False,False,TEMP-003,170
INV-0065,CASE-0071,2026-05-28 09:35:00,2026-05-28 11:37:00,14,9,True,True,TEMP-001,515
INV-0066,CASE-0073,2026-04-27 08:28:00,2026-04-27 08:43:00,13,6,True,False,TEMP-002,397
INV-0067,CASE-0074,2026-06-04 19:38:00,2026-06-04 20:16:00,10,7,False,True,TEMP-002,565
INV-0068,CASE-0075,2026-05-02 04:45:00,2026-05-02 11:59:00,5,10,True,False,TEMP-003,609
INV-0069,CASE-0076,2026-06-09 12:41:00,2026-06-09 13:36:00,1,7,False,True,TEMP-001,179
INV-0070,CASE-0077,2026-06-08 00:12:00,2026-06-08 03:41:00,14,8,True,True,TEMP-002,427
INV-0071,CASE-0078,2026-05-29 11:09:00,2026-05-29 13:46:00,9,10,True,True,TEMP-001,302
INV-0072,CASE-0079,2026-04-28 22:24:00,2026-04-29 03:06:00,1,8,True,False,TEMP-003,528
INV-0073,CASE-0080,2026-04-27 04:59:00,2026-04-27 07:42:00,9,10,False,False,TEMP-002,213
INV-0074,CASE-0081,2026-05-01 06:09:00,2026-05-01 06:36:00,6,2,True,True,TEMP-002,344
INV-0075,CASE-0082,2026-04-05 19:32:00,2026-04-05 22:49:00,7,0,False,True,TEMP-002,757
INV-0076,CASE-0083,2026-04-07 12:55:00,2026-04-07 15:47:00,12,1,True,False,TEMP-001,912
INV-0077,CASE-0084,2026-05-11 06:26:00,2026-05-11 13:39:00,5,7,True,False,,148
INV-0078,CASE-0085,2026-04-23 00:33:00,2026-04-23 04:15:00,6,3,False,True,TEMP-002,627
INV-0079,CASE-0086,2026-05-01 01:21:00,2026-05-01 02:34:00,13,10,True,True,,47
INV-0080,CASE-0087,2026-06-04 17:49:00,2026-06-04 19:32:00,0,5,False,True,TEMP-001,897
INV-0081,CASE-0089,2026-06-09 11:20:00,2026-06-09 14:44:00,1,6,False,False,TEMP-002,485
INV-0082,CASE-0090,2026-04-10 10:55:00,2026-04-10 11:34:00,11,4,True,False,TEMP-003,33
INV-0083,CASE-0091,2026-04-21 02:26:00,2026-04-21 03:52:00,14,4,True,True,,654
INV-0084,CASE-0092,2026-04-09 10:51:00,2026-04-09 11:14:00,3,4,False,False,,186
INV-0085,CASE-0093,2026-05-14 14:55:00,2026-05-14 22:31:00,3,0,True,True,TEMP-003,948
INV-0086,CASE-0094,2026-04-09 00:04:00,2026-04-09 03:27:00,8,6,True,False,,862
INV-0087,CASE-0095,2026-04-01 14:24:00,2026-04-01 19:52:00,9,5,False,False,TEMP-003,924
INV-0088,CASE-0096,2026-06-01 04:36:00,2026-06-01 12:25:00,12,0,False,False,TEMP-002,514
INV-0089,CASE-0097,2026-04-04 12:45:00,2026-04-04 20:07:00,6,6,True,True,,710
INV-0090,CASE-0098,2026-04-19 06:57:00,2026-04-19 09:46:00,11,1,True,False,TEMP-002,751
INV-0091,CASE-0099,2026-04-11 22:26:00,2026-04-12 02:37:00,4,5,False,False,,236
INV-0092,CASE-0100,2026-04-09 13:53:00,2026-04-09 18:55:00,9,9,True,True,TEMP-002,1000
INV-0093,CASE-0101,2026-04-24 19:55:00,2026-04-25 00:41:00,6,1,False,True,TEMP-003,637
INV-0094,CASE-0102,2026-06-10 09:18:00,2026-06-10 10:03:00,14,1,True,False,TEMP-003,408
INV-0095,CASE-0103,2026-05-30 09:19:00,2026-05-30 12:31:00,14,0,True,True,TEMP-001,973
INV-0096,CASE-0104,2026-04-23 19:09:00,2026-04-23 22:56:00,12,8,True,False,TEMP-003,391
INV-0097,CASE-0105,2026-04-10 07:43:00,2026-04-10 08:06:00,13,8,True,True,TEMP-003,496
INV-0098,CASE-0106,2026-04-17 16:50:00,2026-04-17 20:24:00,13,10,False,True,TEMP-001,955
INV-0099,CASE-0107,2026-04-17 13:56:00,2026-04-17 20:24:00,1,3,False,False,,185
INV-0100,CASE-0108,2026-04-03 14:42:00,2026-04-03 21:12:00,10,5,True,True,TEMP-001,75
INV-0101,CASE-0109,2026-05-23 03:58:00,2026-05-23 08:59:00,8,0,False,True,TEMP-003,594
INV-0102,CASE-0110,2026-05-22 08:25:00,2026-05-22 14:02:00,12,2,True,True,TEMP-003,602
INV-0103,CASE-0111,2026-05-07 00:24:00,2026-05-07 02:19:00,3,7,True,True,TEMP-001,51
INV-0104,CASE-0112,2026-06-20 09:54:00,2026-06-20 11:15:00,13,1,False,True,TEMP-001,373
INV-0105,CASE-0113,2026-06-05 19:27:00,2026-06-05 21:14:00,9,9,True,False,TEMP-002,534
INV-0106,CASE-0114,2026-06-23 11:14:00,2026-06-23 18:26:00,3,6,True,False,,703
INV-0107,CASE-0115,2026-05-16 15:33:00,2026-05-16 22:42:00,13,3,True,False,TEMP-002,310
INV-0108,CASE-0116,2026-05-16 10:06:00,2026-05-16 13:01:00,12,3,True,True,TEMP-001,372
INV-0109,CASE-0117,2026-04-22 21:42:00,2026-04-23 03:06:00,0,3,True,True,,685
INV-0110,CASE-0118,2026-05-18 00:37:00,2026-05-18 06:34:00,13,9,False,True,TEMP-003,601
INV-0111,CASE-0119,2026-06-23 12:02:00,2026-06-23 15:33:00,9,8,True,True,TEMP-001,383
INV-0112,CASE-0120,2026-04-04 02:30:00,2026-04-04 03:58:00,0,9,True,True,TEMP-002,45
INV-0113,CASE-0122,2026-06-22 03:22:00,2026-06-22 09:42:00,4,3,True,True,,58
INV-0114,CASE-0123,2026-06-26 05:49:00,2026-06-26 12:13:00,12,10,True,False,,583
INV-0115,CASE-0124,2026-05-01 09:10:00,2026-05-01 13:58:00,2,5,True,True,,634
INV-0116,CASE-0125,2026-04-27 06:34:00,2026-04-27 07:15:00,0,2,False,True,TEMP-003,110
INV-0117,CASE-0127,2026-06-26 10:29:00,2026-06-26 16:39:00,15,6,False,True,TEMP-002,926
INV-0118,CASE-0128,2026-06-11 02:56:00,2026-06-11 06:42:00,4,9,True,True,TEMP-001,222
INV-0119,CASE-0129,2026-06-04 04:27:00,2026-06-04 07:27:00,7,5,True,True,TEMP-001,857
INV-0120,CASE-0132,2026-05-21 16:22:00,2026-05-21 21:41:00,4,4,False,True,TEMP-001,814
INV-0121,CASE-0133,2026-01-12 02:58:00,2026-01-12 10:46:00,12,0,True,False,TEMP-002,772
INV-0122,CASE-0134,2026-01-28 14:34:00,2026-01-28 15:35:00,7,0,True,True,,545
INV-0123,CASE-0135,2026-03-05 13:41:00,2026-03-05 16:37:00,3,0,False,True,TEMP-001,489
INV-0124,CASE-0136,2026-01-28 18:08:00,2026-01-28 19:46:00,10,0,True,False,,271
INV-0125,CASE-0137,2026-03-18 15:25:00,2026-03-18 16:37:00,4,3,True,False,,505
INV-0126,CASE-0138,2026-03-02 13:45:00,2026-03-02 13:59:00,4,4,True,False,TEMP-001,784
INV-0127,CASE-0139,2026-01-31 07:59:00,2026-01-31 15:43:00,0,4,False,True,TEMP-001,437
INV-0128,CASE-0140,2026-02-28 07:36:00,2026-02-28 07:56:00,11,7,False,True,,218
INV-0129,CASE-0141,2026-01-27 09:05:00,2026-01-27 13:39:00,15,5,False,True,TEMP-002,816
INV-0130,CASE-0142,2026-01-25 12:56:00,2026-01-25 15:58:00,6,1,True,False,TEMP-001,937
INV-0131,CASE-0143,2026-03-02 07:17:00,2026-03-02 08:09:00,5,3,True,False,TEMP-001,474
INV-0132,CASE-0144,2026-02-05 01:31:00,2026-02-05 03:38:00,14,4,True,True,TEMP-003,337
INV-0133,CASE-0145,2026-03-08 00:42:00,2026-03-08 04:27:00,12,3,True,False,TEMP-002,452
INV-0134,CASE-0146,2026-03-11 23:58:00,2026-03-12 04:15:00,4,6,True,False,TEMP-002,965
INV-0135,CASE-0148,2026-02-01 06:34:00,2026-02-01 10:38:00,11,1,True,True,TEMP-003,459
INV-0136,CASE-0149,2026-02-10 09:28:00,2026-02-10 11:07:00,1,4,True,True,TEMP-001,799
INV-0137,CASE-0150,2026-01-27 01:20:00,2026-01-27 04:44:00,1,2,True,True,TEMP-002,396
INV-0138,CASE-0151,2026-01-27 05:54:00,2026-01-27 06:51:00,14,5,False,True,TEMP-003,203
INV-0139,CASE-0152,2026-02-25 23:48:00,2026-02-26 02:55:00,6,9,False,True,TEMP-001,744
INV-0140,CASE-0153,2026-01-15 23:02:00,2026-01-16 05:08:00,8,0,True,True,,466
INV-0141,CASE-0154,2026-01-25 01:27:00,2026-01-25 05:45:00,2,0,True,True,TEMP-003,612
INV-0142,CASE-0156,2026-01-03 01:20:00,2026-01-03 08:17:00,12,7,True,False,TEMP-003,701
INV-0143,CASE-0159,2026-02-14 07:08:00,2026-02-14 10:50:00,13,3,True,True,,996
INV-0144,CASE-0160,2026-03-18 18:18:00,2026-03-18 21:03:00,10,5,False,True,TEMP-002,897
INV-0145,CASE-0161,2026-03-06 13:24:00,2026-03-06 17:13:00,10,5,False,True,,802
INV-0146,CASE-0162,2026-01-02 05:22:00,2026-01-02 09:13:00,11,10,False,True,TEMP-002,31
INV-0147,CASE-0163,2026-01-06 13:57:00,2026-01-06 19:39:00,9,4,True,False,,956
INV-0148,CASE-0164,2026-02-11 01:56:00,2026-02-11 06:46:00,13,5,True,True,TEMP-002,317
INV-0149,CASE-0165,2026-01-07 19:29:00,2026-01-07 19:47:00,13,2,True,True,,215
INV-0150,CASE-0166,2026-01-12 06:49:00,2026-01-12 11:38:00,3,1,True,False,,789
INV-0151,CASE-0167,2026-02-24 12:01:00,2026-02-24 17:49:00,1,5,False,True,,859
INV-0152,CASE-0168,2026-02-12 13:06:00,2026-02-12 16:52:00,12,3,True,False,TEMP-003,110
INV-0153,CASE-0169,2026-02-14 15:55:00,2026-02-14 20:10:00,6,6,False,False,TEMP-002,327
INV-0154,CASE-0170,2026-02-28 06:40:00,2026-02-28 09:15:00,6,8,True,False,TEMP-001,181
INV-0155,CASE-0171,2026-02-12 14:20:00,2026-02-12 17:24:00,9,6,True,True,TEMP-001,536
INV-0156,CASE-0175,2026-01-02 12:45:00,2026-01-02 15:19:00,10,3,False,True,TEMP-003,920
INV-0157,CASE-0176,2026-01-06 03:34:00,2026-01-06 07:01:00,12,8,False,True,,916
INV-0158,CASE-0177,2026-02-06 09:25:00,2026-02-06 09:57:00,7,3,True,False,,836
INV-0159,CASE-0178,2026-03-31 11:14:00,2026-03-31 12:14:00,1,9,False,False,,594
INV-0160,CASE-0179,2026-01-03 17:54:00,2026-01-04 00:30:00,4,8,False,True,TEMP-001,215
INV-0161,CASE-0180,2026-01-24 17:04:00,2026-01-24 17:20:00,6,3,False,False,TEMP-001,806
INV-0162,CASE-0181,2026-01-08 18:50:00,2026-01-09 00:01:00,0,5,True,False,TEMP-001,710
INV-0163,CASE-0182,2026-03-10 19:41:00,2026-03-10 21:45:00,13,6,True,True,TEMP-001,362
INV-0164,CASE-0183,2026-02-23 05:52:00,2026-02-23 12:06:00,5,1,False,True,TEMP-001,353
INV-0165,CASE-0185,2026-03-18 13:00:00,2026-03-18 14:22:00,13,7,True,True,,867
INV-0166,CASE-0186,2026-02-07 10:52:00,2026-02-07 13:41:00,10,9,True,True,TEMP-001,750
INV-0167,CASE-0187,2026-03-04 14:40:00,2026-03-04 18:52:00,15,2,False,False,TEMP-002,458
INV-0168,CASE-0188,2026-02-28 10:12:00,2026-02-28 17:33:00,1,10,True,True,TEMP-003,639
INV-0169,CASE-0189,2026-03-28 00:05:00,2026-03-28 05:26:00,15,1,True,True,TEMP-003,696
INV-0170,CASE-0192,2026-03-24 12:57:00,2026-03-24 14:46:00,4,0,False,True,TEMP-002,333
INV-0171,CASE-0194,2026-03-24 11:56:00,2026-03-24 18:52:00,5,5,False,False,,46
INV-0172,CASE-0195,2026-02-28 01:50:00,2026-02-28 04:04:00,9,2,True,False,,883
INV-0173,CASE-0196,2026-03-18 07:14:00,2026-03-18 08:51:00,4,5,True,True,TEMP-003,681
INV-0174,CASE-0197,2026-01-04 12:46:00,2026-01-04 18:02:00,10,4,True,True,TEMP-001,355
INV-0175,CASE-0199,2026-04-29 13:38:00,2026-04-29 19:05:00,5,10,False,False,TEMP-002,297
INV-0176,CASE-0200,2026-04-03 09:12:00,2026-04-03 11:57:00,10,4,True,False,TEMP-001,237
INV-0177,CASE-0201,2026-06-09 09:23:00,2026-06-09 15:57:00,11,0,True,True,,540
INV-0178,CASE-0202,2026-05-17 22:49:00,2026-05-18 06:18:00,15,4,True,True,TEMP-001,684
INV-0179,CASE-0203,2026-06-25 06:12:00,2026-06-25 14:05:00,5,7,True,True,TEMP-001,344
INV-0180,CASE-0204,2026-06-19 10:52:00,2026-06-19 13:59:00,15,4,False,True,TEMP-002,297
INV-0181,CASE-0205,2026-04-10 12:32:00,2026-04-10 20:16:00,9,8,False,True,TEMP-001,477
INV-0182,CASE-0207,2026-05-24 05:40:00,2026-05-24 12:46:00,13,4,True,True,,724
INV-0183,CASE-0208,2026-04-24 12:31:00,2026-04-24 18:59:00,1,8,False,False,TEMP-001,624
INV-0184,CASE-0209,2026-04-01 02:48:00,2026-04-01 07:00:00,12,9,False,False,,423
INV-0185,CASE-0210,2026-05-08 06:50:00,2026-05-08 09:13:00,15,3,False,False,TEMP-002,991
INV-0186,CASE-0211,2026-06-07 10:20:00,2026-06-07 10:59:00,7,1,True,False,TEMP-001,225
INV-0187,CASE-0213,2026-05-22 23:01:00,2026-05-23 06:51:00,14,8,False,True,TEMP-002,1000
INV-0188,CASE-0214,2026-06-07 11:31:00,2026-06-07 13:36:00,5,7,False,False,TEMP-002,423
INV-0189,CASE-0216,2026-04-12 00:36:00,2026-04-12 01:25:00,15,3,False,True,TEMP-001,492
INV-0190,CASE-0217,2026-05-31 08:48:00,2026-05-31 15:48:00,3,5,True,False,,561
INV-0191,CASE-0218,2026-05-05 09:21:00,2026-05-05 14:37:00,8,2,False,False,TEMP-001,177
INV-0192,CASE-0219,2026-04-12 04:13:00,2026-04-12 05:36:00,13,8,True,True,TEMP-002,970
INV-0193,CASE-0220,2026-04-11 10:06:00,2026-04-11 17:48:00,9,10,False,False,TEMP-001,810
INV-0194,CASE-0221,2026-05-23 23:48:00,2026-05-24 03:22:00,8,6,True,True,TEMP-003,826
INV-0195,CASE-0222,2026-04-19 06:22:00,2026-04-19 07:12:00,10,2,False,False,TEMP-002,581
INV-0196,CASE-0223,2026-06-03 22:14:00,2026-06-04 00:37:00,10,10,True,True,,40
INV-0197,CASE-0224,2026-04-10 08:17:00,2026-04-10 09:05:00,12,7,True,True,TEMP-001,238
INV-0198,CASE-0225,2026-06-29 13:23:00,2026-06-29 15:36:00,5,0,True,False,TEMP-002,798
INV-0199,CASE-0226,2026-05-29 20:18:00,2026-05-29 21:08:00,13,2,True,False,,72
INV-0200,CASE-0227,2026-04-26 19:35:00,2026-04-26 23:25:00,6,9,False,True,TEMP-001,887
INV-0201,CASE-0228,2026-05-31 20:59:00,2026-06-01 00:28:00,5,6,True,True,TEMP-002,168
INV-0202,CASE-0229,2026-04-26 23:29:00,2026-04-27 07:26:00,14,8,True,True,TEMP-001,534
INV-0203,CASE-0230,2026-04-14 03:21:00,2026-04-14 05:54:00,1,3,False,True,TEMP-002,300
INV-0204,CASE-0231,2026-04-18 09:43:00,2026-04-18 16:23:00,13,10,True,True,TEMP-001,752
INV-0205,CASE-0232,2026-04-29 16:26:00,2026-04-29 22:54:00,11,7,True,True,TEMP-003,999
INV-0206,CASE-0233,2026-04-03 13:38:00,2026-04-03 18:38:00,4,8,True,False,TEMP-003,758
INV-0207,CASE-0234,2026-06-15 09:24:00,2026-06-15 15:46:00,8,9,True,True,TEMP-002,145
INV-0208,CASE-0235,2026-06-26 18:43:00,2026-06-27 02:15:00,10,8,True,False,TEMP-003,20
INV-0209,CASE-0237,2026-06-09 19:50:00,2026-06-09 23:32:00,12,10,True,True,,938
INV-0210,CASE-0238,2026-06-17 20:22:00,2026-06-18 03:31:00,2,10,True,True,TEMP-003,886
INV-0211,CASE-0239,2026-04-30 20:09:00,2026-04-30 21:25:00,7,10,True,True,,330
INV-0212,CASE-0240,2026-06-23 20:07:00,2026-06-23 23:29:00,6,5,False,True,TEMP-003,282
INV-0213,CASE-0242,2026-04-16 16:27:00,2026-04-16 20:44:00,4,8,True,True,,698
INV-0214,CASE-0243,2026-04-02 17:54:00,2026-04-03 00:51:00,0,4,True,False,TEMP-002,748
INV-0215,CASE-0244,2026-06-21 19:29:00,2026-06-22 02:36:00,8,9,True,True,TEMP-001,751
INV-0216,CASE-0245,2026-04-06 19:21:00,2026-04-07 01:41:00,2,0,False,False,TEMP-003,511
INV-0217,CASE-0246,2026-05-27 19:18:00,2026-05-27 19:45:00,12,5,True,False,TEMP-002,679
INV-0218,CASE-0247,2026-06-10 23:41:00,2026-06-11 03:31:00,14,9,True,True,TEMP-001,766
INV-0219,CASE-0248,2026-04-16 22:21:00,2026-04-17 02:26:00,9,5,False,True,TEMP-003,761
INV-0220,CASE-0249,2026-05-14 09:39:00,2026-05-14 11:55:00,8,0,False,True,TEMP-002,391
INV-0221,CASE-0250,2026-06-03 19:34:00,2026-06-04 01:52:00,3,4,False,False,TEMP-002,631
INV-0222,CASE-0251,2026-04-29 03:00:00,2026-04-29 09:56:00,1,6,True,True,TEMP-001,482
INV-0223,CASE-0253,2026-04-14 15:27:00,2026-04-14 22:08:00,14,10,True,True,TEMP-001,553
INV-0224,CASE-0254,2026-04-08 13:48:00,2026-04-08 21:06:00,10,3,False,True,,253
INV-0225,CASE-0255,2026-06-28 22:43:00,2026-06-29 05:04:00,7,10,False,False,,944
INV-0226,CASE-0256,2026-06-22 06:33:00,2026-06-22 13:25:00,3,3,True,True,,874
INV-0227,CASE-0257,2026-04-14 01:36:00,2026-04-14 02:51:00,7,7,False,False,TEMP-002,236
INV-0228,CASE-0258,2026-05-05 05:40:00,2026-05-05 09:03:00,11,1,False,True,TEMP-003,588
INV-0229,CASE-0259,2026-05-21 21:55:00,2026-05-22 02:11:00,15,8,False,True,TEMP-002,974
INV-0230,CASE-0260,2026-05-07 07:46:00,2026-05-07 09:51:00,14,3,True,True,,873
INV-0231,CASE-0261,2026-04-22 03:31:00,2026-04-22 04:13:00,11,0,True,False,TEMP-001,963
INV-0232,CASE-0262,2026-04-08 05:33:00,2026-04-08 12:14:00,8,5,True,False,TEMP-002,256
INV-0233,CASE-0263,2026-04-08 22:52:00,2026-04-09 04:23:00,5,7,False,False,TEMP-002,298
INV-0234,CASE-0264,2026-06-15 00:32:00,2026-06-15 06:56:00,7,1,True,True,TEMP-002,515
INV-0235,CASE-0265,2026-05-15 16:31:00,2026-05-15 20:09:00,9,8,True,True,TEMP-003,362
INV-0236,CASE-0266,2026-04-12 06:04:00,2026-04-12 13:15:00,4,6,False,False,TEMP-001,412
INV-0237,CASE-0267,2026-04-01 08:56:00,2026-04-01 11:19:00,4,4,True,True,TEMP-002,905
INV-0238,CASE-0268,2026-04-03 01:15:00,2026-04-03 01:29:00,13,6,False,True,TEMP-001,522
INV-0239,CASE-0269,2026-06-22 09:50:00,2026-06-22 17:48:00,5,5,True,True,TEMP-003,730
INV-0240,CASE-0270,2026-02-22 05:58:00,2026-02-22 09:15:00,1,5,False,True,TEMP-003,225
INV-0241,CASE-0271,2026-01-27 04:44:00,2026-01-27 05:04:00,14,6,False,True,TEMP-002,722
INV-0242,CASE-0272,2026-03-03 12:42:00,2026-03-03 19:43:00,5,2,True,True,TEMP-001,61
INV-0243,CASE-0273,2026-01-23 16:20:00,2026-01-24 00:16:00,14,4,True,False,,585
INV-0244,CASE-0274,2026-01-13 05:08:00,2026-01-13 07:54:00,10,9,True,False,TEMP-003,55
INV-0245,CASE-0277,2026-03-23 19:16:00,2026-03-23 20:33:00,7,7,False,True,TEMP-001,228
INV-0246,CASE-0278,2026-03-26 11:26:00,2026-03-26 16:24:00,0,6,True,False,TEMP-003,888
INV-0247,CASE-0279,2026-01-01 19:18:00,2026-01-02 00:47:00,3,4,False,False,TEMP-002,44
INV-0248,CASE-0280,2026-03-29 01:55:00,2026-03-29 04:23:00,10,1,True,False,,292
INV-0249,CASE-0281,2026-03-30 18:35:00,2026-03-31 00:51:00,2,4,True,False,TEMP-001,799
INV-0250,CASE-0282,2026-02-23 03:35:00,2026-02-23 07:57:00,5,5,False,True,TEMP-003,966
INV-0251,CASE-0283,2026-01-20 13:18:00,2026-01-20 16:33:00,14,2,False,True,TEMP-001,57
INV-0252,CASE-0284,2026-02-07 04:43:00,2026-02-07 07:05:00,14,4,False,True,TEMP-001,973
INV-0253,CASE-0285,2026-01-03 02:49:00,2026-01-03 03:03:00,14,2,True,True,TEMP-001,22
INV-0254,CASE-0286,2026-02-23 09:54:00,2026-02-23 13:40:00,13,0,True,True,TEMP-001,730
INV-0255,CASE-0287,2026-01-25 23:44:00,2026-01-26 00:36:00,12,5,True,False,TEMP-001,893
INV-0256,CASE-0288,2026-01-26 05:17:00,2026-01-26 13:00:00,14,2,True,False,,582
INV-0257,CASE-0290,2026-03-04 21:13:00,2026-03-04 22:10:00,8,2,True,True,TEMP-002,914
INV-0258,CASE-0291,2026-03-28 13:04:00,2026-03-28 19:26:00,3,6,True,False,,599
INV-0259,CASE-0292,2026-01-29 08:50:00,2026-01-29 15:27:00,9,2,True,False,,748
INV-0260,CASE-0293,2026-02-07 04:55:00,2026-02-07 11:58:00,2,2,True,False,,159
INV-0261,CASE-0294,2026-03-27 04:57:00,2026-03-27 05:50:00,2,1,False,False,TEMP-002,401
INV-0262,CASE-0296,2026-01-14 01:06:00,2026-01-14 06:04:00,12,0,True,False,,287
INV-0263,CASE-0297,2026-01-11 21:59:00,2026-01-11 22:44:00,1,6,True,True,TEMP-003,943
INV-0264,CASE-0298,2026-02-18 16:15:00,2026-02-19 00:01:00,15,0,False,False,,355
INV-0265,CASE-0299,2026-02-18 09:14:00,2026-02-18 13:54:00,11,6,False,True,,409
INV-0266,CASE-0300,2026-02-03 09:04:00,2026-02-03 15:23:00,4,3,False,False,TEMP-002,957
INV-0267,CASE-0301,2026-03-27 01:12:00,2026-03-27 01:25:00,1,10,True,True,TEMP-003,575
INV-0268,CASE-0302,2026-01-07 11:51:00,2026-01-07 17:29:00,12,0,False,True,,562
INV-0269,CASE-0303,2026-02-02 03:27:00,2026-02-02 10:49:00,5,7,True,False,TEMP-001,470
INV-0270,CASE-0304,2026-02-02 22:30:00,2026-02-03 01:04:00,0,1,True,False,TEMP-003,577
INV-0271,CASE-0305,2026-01-28 06:48:00,2026-01-28 11:03:00,8,5,True,True,,652
INV-0272,CASE-0307,2026-02-03 12:15:00,2026-02-03 13:09:00,5,3,False,True,TEMP-003,409
INV-0273,CASE-0308,2026-03-04 21:43:00,2026-03-05 05:21:00,0,1,True,False,TEMP-003,963
INV-0274,CASE-0309,2026-01-22 23:47:00,2026-01-23 03:20:00,9,0,True,True,TEMP-002,778
INV-0275,CASE-0310,2026-02-09 15:04:00,2026-02-09 19:15:00,15,4,True,True,,965
INV-0276,CASE-0312,2026-03-19 11:36:00,2026-03-19 19:18:00,13,3,True,False,,554
INV-0277,CASE-0314,2026-02-15 22:52:00,2026-02-16 00:44:00,15,4,False,True,TEMP-003,832
INV-0278,CASE-0315,2026-02-20 02:24:00,2026-02-20 02:38:00,7,5,True,True,TEMP-003,804
INV-0279,CASE-0316,2026-01-03 12:01:00,2026-01-03 17:32:00,5,6,False,True,TEMP-001,299
INV-0280,CASE-0317,2026-02-04 11:35:00,2026-02-04 17:00:00,12,6,False,True,,965
INV-0281,CASE-0318,2026-02-22 10:44:00,2026-02-22 15:12:00,10,5,True,True,,728
INV-0282,CASE-0320,2026-01-30 12:49:00,2026-01-30 16:33:00,4,10,True,True,TEMP-001,929
INV-0283,CASE-0321,2026-02-19 14:03:00,2026-02-19 21:45:00,8,4,True,False,TEMP-001,686
INV-0284,CASE-0322,2026-02-09 13:48:00,2026-02-09 20:08:00,2,4,True,True,,917
INV-0285,CASE-0323,2026-02-11 15:13:00,2026-02-11 22:22:00,1,10,False,True,TEMP-001,987
INV-0286,CASE-0324,2026-01-08 21:46:00,2026-01-08 23:39:00,8,7,True,True,,848
INV-0287,CASE-0325,2026-03-20 18:27:00,2026-03-20 19:51:00,14,4,True,False,,247
INV-0288,CASE-0326,2026-01-16 02:35:00,2026-01-16 06:14:00,9,2,True,True,TEMP-002,107
INV-0289,CASE-0327,2026-01-13 18:51:00,2026-01-13 21:31:00,13,9,True,True,TEMP-001,342
INV-0290,CASE-0329,2026-03-11 19:32:00,2026-03-11 22:48:00,0,7,False,False,,433
INV-0291,CASE-0330,2026-03-05 10:42:00,2026-03-05 15:24:00,15,3,True,True,TEMP-001,741
INV-0292,CASE-0331,2026-02-18 22:35:00,2026-02-19 05:56:00,6,6,True,True,,320
INV-0293,CASE-0332,2026-03-07 18:24:00,2026-03-08 00:52:00,11,3,False,False,TEMP-002,260
INV-0294,CASE-0333,2026-01-03 19:41:00,2026-01-03 21:39:00,13,1,False,True,TEMP-003,497
INV-0295,CASE-0334,2026-03-02 07:56:00,2026-03-02 09:08:00,1,0,True,True,TEMP-003,301
INV-0296,CASE-0335,2026-02-24 09:00:00,2026-02-24 10:54:00,6,4,False,False,TEMP-001,670
INV-0297,CASE-0336,2026-01-23 08:18:00,2026-01-23 08:59:00,6,1,False,True,TEMP-002,114
INV-0298,CASE-0337,2026-03-30 11:38:00,2026-03-30 14:26:00,1,2,False,True,TEMP-002,921
INV-0299,CASE-0340,2026-02-20 17:04:00,2026-02-21 00:18:00,15,5,True,True,TEMP-003,841
INV-0300,CASE-0341,2026-03-20 04:13:00,2026-03-20 06:39:00,7,6,False,True,TEMP-002,301
INV-0301,CASE-0344,2026-03-05 12:17:00,2026-03-05 12:54:00,9,7,True,False,TEMP-003,400
INV-0302,CASE-0345,2026-02-09 05:35:00,2026-02-09 09:41:00,7,10,True,True,TEMP-002,783
INV-0303,CASE-0346,2026-03-10 08:31:00,2026-03-10 15:13:00,13,5,True,True,,477
INV-0304,CASE-0347,2026-01-15 11:27:00,2026-01-15 13:48:00,5,7,True,False,TEMP-003,156
INV-0305,CASE-0348,2026-02-07 16:52:00,2026-02-07 22:27:00,12,4,True,False,TEMP-001,956
INV-0306,CASE-0349,2026-03-18 09:13:00,2026-03-18 14:46:00,10,6,False,False,TEMP-002,638
INV-0307,CASE-0350,2026-01-27 05:58:00,2026-01-27 08:43:00,14,5,True,False,TEMP-003,353
INV-0308,CASE-0351,2026-03-14 20:25:00,2026-03-14 22:59:00,14,0,True,True,TEMP-002,739
INV-0309,CASE-0353,2026-02-23 19:40:00,2026-02-23 22:56:00,4,1,True,True,TEMP-003,824
INV-0310,CASE-0354,2026-01-22 17:15:00,2026-01-22 17:37:00,7,3,False,True,TEMP-003,443
INV-0311,CASE-0355,2026-02-01 17:34:00,2026-02-01 23:17:00,4,9,True,True,TEMP-001,250
INV-0312,CASE-0356,2026-03-29 16:36:00,2026-03-29 18:24:00,1,1,True,True,TEMP-002,928
INV-0313,CASE-0357,2026-03-02 01:21:00,2026-03-02 06:16:00,0,8,True,False,TEMP-003,126
INV-0314,CASE-0358,2026-01-21 23:57:00,2026-01-22 02:47:00,2,7,True,False,,356
INV-0315,CASE-0359,2026-01-17 23:41:00,2026-01-18 06:50:00,5,5,True,False,TEMP-001,222
INV-0316,CASE-0360,2026-02-23 02:06:00,2026-02-23 09:34:00,1,3,True,False,TEMP-001,134
INV-0317,CASE-0361,2026-01-21 11:16:00,2026-01-21 11:28:00,10,0,True,True,TEMP-001,183
INV-0318,CASE-0362,2026-02-09 09:19:00,2026-02-09 16:36:00,2,7,True,False,,652
INV-0319,CASE-0363,2026-02-11 14:34:00,2026-02-11 20:27:00,14,1,True,True,TEMP-002,169
INV-0320,CASE-0364,2026-03-04 08:07:00,2026-03-04 10:38:00,2,0,True,True,TEMP-001,101
INV-0321,CASE-0365,2026-02-01 09:12:00,2026-02-01 09:45:00,1,3,False,True,,789
INV-0322,CASE-0366,2026-03-06 06:33:00,2026-03-06 11:43:00,15,0,True,True,TEMP-003,792
INV-0323,CASE-0367,2026-03-27 07:19:00,2026-03-27 14:15:00,3,4,True,True,TEMP-001,112
INV-0324,CASE-0368,2026-03-05 12:21:00,2026-03-05 13:29:00,13,4,True,True,TEMP-001,357
INV-0325,CASE-0369,2026-02-07 21:22:00,2026-02-08 00:17:00,13,5,True,True,TEMP-001,545
INV-0326,CASE-0370,2026-02-18 14:51:00,2026-02-18 21:38:00,1,3,True,True,TEMP-001,558
INV-0327,CASE-0371,2026-02-12 23:32:00,2026-02-13 04:58:00,1,4,True,True,TEMP-002,168
INV-0328,CASE-0372,2026-03-24 02:30:00,2026-03-24 07:53:00,8,5,True,False,TEMP-002,717
INV-0329,CASE-0373,2026-01-24 10:30:00,2026-01-24 15:51:00,10,8,False,True,TEMP-003,399
INV-0330,CASE-0374,2026-02-21 17:07:00,2026-02-22 00:00:00,8,2,False,False,TEMP-001,998
INV-0331,CASE-0375,2026-03-18 18:00:00,2026-03-18 19:46:00,11,9,False,False,TEMP-003,765
INV-0332,CASE-0376,2026-03-15 04:57:00,2026-03-15 06:06:00,1,3,False,False,TEMP-001,310
INV-0333,CASE-0378,2026-03-01 19:02:00,2026-03-01 21:45:00,9,3,True,True,TEMP-001,926
INV-0334,CASE-0379,2026-01-27 14:11:00,2026-01-27 17:33:00,9,6,True,False,TEMP-001,130
INV-0335,CASE-0380,2026-03-07 19:48:00,2026-03-07 22:43:00,14,9,False,True,TEMP-003,433
INV-0336,CASE-0381,2026-03-15 00:23:00,2026-03-15 08:02:00,0,1,False,False,TEMP-003,178
INV-0337,CASE-0382,2026-01-31 13:33:00,2026-01-31 18:46:00,15,0,False,False,,521
INV-0338,CASE-0383,2026-02-16 22:26:00,2026-02-17 02:31:00,12,5,True,False,TEMP-003,291
INV-0339,CASE-0384,2026-03-05 18:06:00,2026-03-05 20:54:00,2,4,True,False,TEMP-003,968
INV-0340,CASE-0386,2026-02-18 18:51:00,2026-02-19 02:05:00,8,7,True,True,,133
INV-0341,CASE-0388,2026-03-26 14:33:00,2026-03-26 15:24:00,3,2,True,False,TEMP-002,180
INV-0342,CASE-0389,2026-03-06 15:56:00,2026-03-06 19:14:00,11,4,True,True,TEMP-003,162
INV-0343,CASE-0390,2026-02-22 23:39:00,2026-02-23 07:17:00,15,5,True,True,,489
INV-0344,CASE-0391,2026-03-26 08:50:00,2026-03-26 13:04:00,3,1,True,True,TEMP-002,278
INV-0345,CASE-0392,2026-02-19 20:00:00,2026-02-20 02:28:00,14,1,True,True,TEMP-003,532
INV-0346,CASE-0394,2026-01-14 19:16:00,2026-01-14 22:05:00,9,2,True,False,,570
INV-0347,CASE-0395,2026-03-14 05:10:00,2026-03-14 08:18:00,9,8,True,False,TEMP-002,721
INV-0348,CASE-0396,2026-01-22 18:17:00,2026-01-22 19:29:00,3,3,True,False,TEMP-002,209
INV-0349,CASE-0398,2026-01-09 23:50:00,2026-01-10 07:44:00,11,8,True,True,TEMP-002,934
INV-0350,CASE-0399,2026-02-23 20:55:00,2026-02-24 00:43:00,0,6,True,True,TEMP-002,262
INV-0351,CASE-0400,2026-03-27 07:57:00,2026-03-27 09:34:00,15,0,False,True,,820
INV-0352,CASE-0401,2026-02-15 06:56:00,2026-02-15 10:48:00,10,2,True,True,,817
INV-0353,CASE-0402,2026-02-12 09:12:00,2026-02-12 09:29:00,8,4,True,True,,340
INV-0354,CASE-0403,2026-02-03 17:40:00,2026-02-04 01:19:00,13,6,False,False,TEMP-001,490
INV-0355,CASE-0404,2026-03-18 01:04:00,2026-03-18 04:58:00,11,10,False,True,TEMP-003,688
INV-0356,CASE-0405,2026-01-05 10:17:00,2026-01-05 11:14:00,6,0,False,True,,782
INV-0357,CASE-0406,2026-01-25 07:32:00,2026-01-25 10:55:00,8,2,False,True,TEMP-003,115
INV-0358,CASE-0408,2026-03-09 13:54:00,2026-03-09 18:28:00,0,2,True,True,TEMP-002,71
INV-0359,CASE-0409,2026-02-25 15:52:00,2026-02-25 16:07:00,1,0,False,True,,758
INV-0360,CASE-0410,2026-01-25 03:01:00,2026-01-25 06:51:00,14,5,True,True,,295
INV-0361,CASE-0411,2026-02-16 05:13:00,2026-02-16 05:23:00,4,2,True,True,TEMP-003,536
INV-0362,CASE-0412,2026-02-13 18:07:00,2026-02-13 22:27:00,2,9,True,True,TEMP-003,333
INV-0363,CASE-0413,2026-03-28 16:14:00,2026-03-28 17:33:00,11,5,False,False,,994
INV-0364,CASE-0415,2026-02-13 05:25:00,2026-02-13 07:08:00,6,4,True,True,TEMP-002,207
INV-0365,CASE-0416,2026-01-20 17:15:00,2026-01-20 21:54:00,3,6,True,True,TEMP-001,175
INV-0366,CASE-0417,2026-03-24 18:35:00,2026-03-25 02:09:00,9,6,True,False,TEMP-001,852
INV-0367,CASE-0418,2026-03-15 13:50:00,2026-03-15 20:26:00,7,1,True,False,TEMP-002,423
INV-0368,CASE-0419,2026-02-23 10:53:00,2026-02-23 16:24:00,9,7,True,True,TEMP-003,919
INV-0369,CASE-0420,2026-02-25 09:44:00,2026-02-25 16:39:00,5,0,False,True,TEMP-001,162
INV-0370,CASE-0421,2026-03-29 05:06:00,2026-03-29 08:24:00,15,9,False,True,TEMP-001,237
INV-0371,CASE-0422,2026-01-19 01:19:00,2026-01-19 04:24:00,9,10,True,False,,871
INV-0372,CASE-0423,2026-03-08 00:42:00,2026-03-08 05:27:00,15,8,False,True,TEMP-003,232
INV-0373,CASE-0424,2026-02-18 09:12:00,2026-02-18 10:11:00,14,2,False,True,TEMP-001,21
INV-0374,CASE-0425,2026-01-03 18:35:00,2026-01-03 20:04:00,10,5,True,True,TEMP-003,251
INV-0375,CASE-0426,2026-03-05 21:08:00,2026-03-05 21:57:00,14,7,True,True,TEMP-002,605
INV-0376,CASE-0427,2026-02-16 03:55:00,2026-02-16 10:03:00,6,3,True,True,TEMP-001,843
INV-0377,CASE-0429,2026-02-26 08:21:00,2026-02-26 12:06:00,2,0,True,True,,583
INV-0378,CASE-0430,2026-02-02 07:00:00,2026-02-02 08:23:00,9,4,True,False,TEMP-002,861
INV-0379,CASE-0431,2026-01-28 21:26:00,2026-01-29 00:04:00,11,1,False,False,TEMP-002,283
INV-0380,CASE-0433,2026-01-22 11:01:00,2026-01-22 13:09:00,14,0,True,True,TEMP-003,625
INV-0381,CASE-0434,2026-01-20 14:36:00,2026-01-20 15:28:00,9,2,False,True,TEMP-002,232
INV-0382,CASE-0435,2026-03-08 21:00:00,2026-03-09 00:50:00,9,3,True,True,,717
INV-0383,CASE-0436,2026-02-11 01:47:00,2026-02-11 06:33:00,1,6,True,False,TEMP-003,711
INV-0384,CASE-0438,2026-03-04 20:12:00,2026-03-04 21:32:00,0,8,True,True,TEMP-003,108
INV-0385,CASE-0439,2026-01-19 07:20:00,2026-01-19 12:42:00,12,8,False,False,,313
INV-0386,CASE-0440,2026-03-11 19:47:00,2026-03-12 02:26:00,11,8,True,False,TEMP-001,882
INV-0387,CASE-0441,2026-03-13 00:29:00,2026-03-13 05:09:00,11,5,True,True,TEMP-001,803
INV-0388,CASE-0442,2026-01-04 06:58:00,2026-01-04 10:33:00,0,5,True,True,,952
INV-0389,CASE-0443,2026-03-11 00:28:00,2026-03-11 07:57:00,11,8,False,False,TEMP-001,31
INV-0390,CASE-0444,2026-03-17 13:17:00,2026-03-17 20:46:00,13,2,True,True,TEMP-001,881
INV-0391,CASE-0447,2026-02-02 07:04:00,2026-02-02 08:20:00,13,1,True,True,TEMP-003,747
INV-0392,CASE-0448,2026-02-22 17:29:00,2026-02-22 18:56:00,12,6,True,False,TEMP-003,196
INV-0393,CASE-0449,2026-01-10 06:07:00,2026-01-10 08:50:00,5,9,True,False,TEMP-003,764
INV-0394,CASE-0450,2026-01-20 11:19:00,2026-01-20 18:01:00,11,6,False,False,TEMP-003,666
INV-0395,CASE-0451,2026-01-01 14:44:00,2026-01-01 19:44:00,7,2,False,True,TEMP-001,614
INV-0396,CASE-0452,2026-03-03 16:31:00,2026-03-03 18:23:00,0,3,True,False,TEMP-002,416
INV-0397,CASE-0453,2026-01-01 22:46:00,2026-01-02 04:51:00,11,3,True,True,TEMP-002,732
INV-0398,CASE-0454,2026-03-26 11:31:00,2026-03-26 15:54:00,14,2,True,True,TEMP-001,130
INV-0399,CASE-0455,2026-01-12 19:31:00,2026-01-12 21:27:00,0,10,False,True,TEMP-003,683
INV-0400,CASE-0456,2026-02-18 12:19:00,2026-02-18 19:06:00,9,1,False,True,TEMP-001,482
INV-0401,CASE-0457,2026-03-28 15:02:00,2026-03-28 15:16:00,6,10,False,False,,950
INV-0402,CASE-0458,2026-02-22 19:18:00,2026-02-23 02:50:00,12,3,False,False,TEMP-003,112
INV-0403,CASE-0459,2026-03-20 03:06:00,2026-03-20 04:52:00,14,10,True,True,,252
INV-0404,CASE-0460,2026-02-20 14:50:00,2026-02-20 20:41:00,13,2,True,True,TEMP-003,268
INV-0405,CASE-0461,2026-03-30 23:38:00,2026-03-31 00:03:00,0,1,True,True,TEMP-002,707
INV-0406,CASE-0462,2026-03-05 19:33:00,2026-03-06 03:19:00,3,4,False,True,TEMP-002,210
INV-0407,CASE-0463,2026-01-31 06:56:00,2026-01-31 14:46:00,4,8,True,False,TEMP-001,672
INV-0408,CASE-0464,2026-03-13 13:28:00,2026-03-13 14:24:00,2,7,True,True,,56
INV-0409,CASE-0465,2026-02-21 07:31:00,2026-02-21 13:54:00,3,2,True,True,TEMP-001,615
INV-0410,CASE-0467,2026-02-22 22:31:00,2026-02-23 01:35:00,10,4,True,True,TEMP-002,890
INV-0411,CASE-0468,2026-02-20 03:23:00,2026-02-20 08:28:00,13,2,False,False,TEMP-003,578
INV-0412,CASE-0469,2026-02-02 01:22:00,2026-02-02 05:06:00,11,3,True,True,TEMP-001,879
INV-0413,CASE-0470,2026-01-24 17:24:00,2026-01-25 00:10:00,11,0,False,True,TEMP-003,83
INV-0414,CASE-0471,2026-03-12 22:50:00,2026-03-12 23:11:00,3,3,True,False,,65
INV-0415,CASE-0472,2026-03-25 17:19:00,2026-03-25 23:47:00,8,8,True,False,,968
INV-0416,CASE-0473,2026-03-16 02:26:00,2026-03-16 09:49:00,10,6,True,True,TEMP-003,212
INV-0417,CASE-0474,2026-03-31 04:31:00,2026-03-31 06:51:00,0,3,False,False,TEMP-001,561
INV-0418,CASE-0475,2026-01-13 12:35:00,2026-01-13 17:27:00,3,10,True,False,TEMP-001,56
INV-0419,CASE-0477,2026-01-04 19:17:00,2026-01-04 23:31:00,5,0,True,False,TEMP-001,156
INV-0420,CASE-0478,2026-03-27 00:41:00,2026-03-27 01:57:00,7,6,True,False,TEMP-003,158
INV-0421,CASE-0479,2026-03-15 01:48:00,2026-03-15 07:12:00,0,5,True,True,TEMP-001,422
INV-0422,CASE-0481,2026-02-03 02:02:00,2026-02-03 04:39:00,15,3,True,True,TEMP-002,705
INV-0423,CASE-0483,2026-03-16 12:28:00,2026-03-16 19:51:00,4,10,False,True,,104
INV-0424,CASE-0485,2026-03-08 01:59:00,2026-03-08 09:17:00,14,5,True,True,TEMP-001,986
INV-0425,CASE-0486,2026-01-13 04:55:00,2026-01-13 05:10:00,3,4,False,True,TEMP-001,399
INV-0426,CASE-0488,2026-03-24 19:13:00,2026-03-24 21:43:00,12,7,True,False,,658
INV-0427,CASE-0489,2026-02-02 04:13:00,2026-02-02 05:29:00,2,2,True,False,TEMP-003,402
INV-0428,CASE-0490,2026-03-11 12:57:00,2026-03-11 14:26:00,0,6,True,True,TEMP-003,604
INV-0429,CASE-0491,2026-03-25 21:14:00,2026-03-26 02:05:00,7,6,True,True,TEMP-003,532
INV-0430,CASE-0492,2026-03-13 09:21:00,2026-03-13 13:07:00,6,4,True,True,TEMP-003,511
INV-0431,CASE-0493,2026-03-09 01:55:00,2026-03-09 08:53:00,0,4,False,True,TEMP-001,927
INV-0432,CASE-0494,2026-02-14 02:59:00,2026-02-14 08:04:00,10,4,False,False,,980
INV-0433,CASE-0495,2026-02-18 18:25:00,2026-02-19 00:48:00,1,0,False,True,TEMP-001,274
INV-0434,CASE-0496,2026-01-27 02:47:00,2026-01-27 07:18:00,5,2,False,False,TEMP-002,29
INV-0435,CASE-0497,2026-01-10 00:13:00,2026-01-10 03:49:00,6,3,True,True,TEMP-003,674
INV-0436,CASE-0498,2026-02-22 14:55:00,2026-02-22 22:17:00,4,5,True,True,TEMP-002,101
INV-0437,CASE-0499,2026-03-26 03:48:00,2026-03-26 06:13:00,7,5,True,False,TEMP-001,814
INV-0438,CASE-0500,2026-01-20 10:39:00,2026-01-20 18:09:00,3,5,False,True,TEMP-002,581
INV-0439,CASE-0501,2026-02-13 14:24:00,2026-02-13 21:53:00,11,4,True,False,,958
INV-0440,CASE-0502,2026-01-03 15:06:00,2026-01-03 17:48:00,1,0,True,True,TEMP-003,57
INV-0441,CASE-0503,2026-03-05 01:14:00,2026-03-05 03:10:00,0,10,True,True,TEMP-003,249
INV-0442,CASE-0504,2026-02-18 14:07:00,2026-02-18 17:30:00,15,0,True,False,TEMP-002,956
INV-0443,CASE-0505,2026-01-17 18:43:00,2026-01-17 20:37:00,14,1,False,False,,572
INV-0444,CASE-0506,2026-02-17 05:04:00,2026-02-17 05:50:00,10,3,True,False,TEMP-002,151
INV-0445,CASE-0507,2026-02-27 13:22:00,2026-02-27 21:15:00,4,2,False,True,TEMP-003,339
INV-0446,CASE-0508,2026-03-20 14:50:00,2026-03-20 21:07:00,7,0,True,True,TEMP-002,393
INV-0447,CASE-0509,2026-01-27 00:26:00,2026-01-27 06:05:00,0,6,False,False,TEMP-002,246
INV-0448,CASE-0510,2026-02-09 18:18:00,2026-02-09 21:25:00,7,10,True,False,TEMP-003,761
INV-0449,CASE-0511,2026-01-30 19:15:00,2026-01-30 21:36:00,4,9,True,False,TEMP-002,316
INV-0450,CASE-0513,2026-03-22 19:19:00,2026-03-22 20:40:00,0,0,True,True,,980
INV-0451,CASE-0514,2026-01-22 14:13:00,2026-01-22 20:47:00,2,2,True,False,TEMP-001,219
INV-0452,CASE-0515,2026-01-08 05:00:00,2026-01-08 07:00:00,10,1,False,False,TEMP-003,243
INV-0453,CASE-0516,2026-02-17 00:14:00,2026-02-17 08:09:00,2,9,True,True,TEMP-002,877
INV-0454,CASE-0517,2026-01-27 14:06:00,2026-01-27 18:19:00,2,6,True,False,,833
INV-0455,CASE-0518,2026-03-06 20:11:00,2026-03-06 22:32:00,3,6,True,True,TEMP-002,114
INV-0456,CASE-0519,2026-02-10 23:27:00,2026-02-11 01:53:00,1,9,False,True,TEMP-002,298
INV-0457,CASE-0520,2026-01-05 21:04:00,2026-01-06 02:25:00,15,3,True,False,,499
INV-0458,CASE-0521,2026-03-18 10:08:00,2026-03-18 10:30:00,7,4,True,True,,84
INV-0459,CASE-0522,2026-01-20 18:24:00,2026-01-20 19:02:00,10,7,False,True,TEMP-003,639
INV-0460,CASE-0523,2026-01-10 17:24:00,2026-01-10 22:05:00,11,1,True,True,,891
INV-0461,CASE-0524,2026-01-18 05:37:00,2026-01-18 06:24:00,2,7,True,True,TEMP-001,267
INV-0462,CASE-0526,2026-01-17 10:55:00,2026-01-17 15:07:00,7,7,True,True,,512
INV-0463,CASE-0527,2026-03-15 03:10:00,2026-03-15 06:49:00,1,6,False,False,TEMP-002,740
INV-0464,CASE-0528,2026-01-11 14:41:00,2026-01-11 21:25:00,4,4,True,True,TEMP-002,304
INV-0465,CASE-0529,2026-02-06 06:40:00,2026-02-06 11:41:00,1,9,True,False,TEMP-003,875
INV-0466,CASE-0530,2026-02-05 17:26:00,2026-02-05 21:28:00,6,2,True,True,,630
INV-0467,CASE-0531,2026-02-24 12:16:00,2026-02-24 15:27:00,11,2,True,False,TEMP-002,177
INV-0468,CASE-0532,2026-01-07 17:19:00,2026-01-07 23:46:00,10,8,False,True,TEMP-003,448
INV-0469,CASE-0533,2026-03-06 12:50:00,2026-03-06 14:16:00,10,4,True,True,,545
INV-0470,CASE-0534,2026-01-16 05:23:00,2026-01-16 12:40:00,1,3,True,False,TEMP-002,61
INV-0471,CASE-0535,2026-03-22 14:32:00,2026-03-22 19:46:00,10,6,True,False,TEMP-002,760
INV-0472,CASE-0536,2026-02-22 07:50:00,2026-02-22 08:47:00,2,2,True,True,TEMP-001,630
INV-0473,CASE-0537,2026-02-15 23:37:00,2026-02-16 01:43:00,7,0,True,True,TEMP-003,950
INV-0474,CASE-0538,2026-02-09 02:50:00,2026-02-09 07:38:00,7,10,False,True,,362
INV-0475,CASE-0539,2026-02-13 08:37:00,2026-02-13 14:49:00,4,2,False,True,TEMP-003,870
INV-0476,CASE-0540,2026-03-07 11:42:00,2026-03-07 19:38:00,15,5,True,True,TEMP-002,897
INV-0477,CASE-0544,2026-03-23 15:02:00,2026-03-23 18:31:00,6,7,False,True,TEMP-003,525
INV-0478,CASE-0545,2026-03-31 13:42:00,2026-03-31 20:20:00,1,7,True,True,TEMP-002,24
INV-0479,CASE-0546,2026-01-22 15:28:00,2026-01-22 21:42:00,9,10,False,True,TEMP-003,567
INV-0480,CASE-0547,2026-02-18 01:30:00,2026-02-18 04:33:00,14,7,True,True,TEMP-001,108
INV-0481,CASE-0548,2026-03-03 02:11:00,2026-03-03 04:34:00,5,4,True,True,TEMP-002,383
