monitoring_id,assessment_id,asset_id,expected_coverage_hours,observed_coverage_hours,telemetry_available
MON-0001,A-001,AST-001,2160,1938,True
MON-0002,A-001,AST-002,2160,2091,True
MON-0003,A-002,AST-001,2184,1980,True
MON-0004,A-002,AST-002,2184,2172,True
MON-0005,A-003,AST-003,2160,1916,True
MON-0006,A-003,AST-004,2160,1923,True
MON-0007,A-004,AST-003,2184,2030,True
MON-0008,A-004,AST-004,2184,2080,True
MON-0009,A-005,AST-005,2160,501,True
MON-0010,A-006,AST-006,2160,2130,True
MON-0011,A-007,AST-007,2160,2088,True
MON-0012,A-008,AST-008,2160,1510,True
